Workbook

Sheet data_survey
A1: Timestamp | B1: Quê quán (tỉnh thành trước khi sáp nhập) | C1: Giới tính sinh học | D1: GTSH_norm | E1: Xu hướng tính dục | F1: XHTD_norm | G1: Tôn giáo | H1: tongiao_norm | I1: Tình trạng sinh sống | J1: live_norm | K1: Tình trạng học lực của học kỳ trước | L1: hocluc_norm | M1: Bạn có cảm thấy ngành học không phù hợp với bản thân không? | N1: nganhphuhop_norm | O1: Bạn có đang đi làm thêm không | P1: lamthem_norm | Q1: Bao nhiêu công việc bạn đang làm? | R1: norm | S1: Công việc làm thêm | U1: Tần suất làm thêm | W1: norm | X1: Bao nhiêu phần trăm thu nhập của bạn cho chương trình học hiện tại? Điền giá trị 0-100 | Y1: Mỗi tháng bạn tiết kiệm được bao nhiêu phần trăm so với thu thập? Điền giá trị 0-100 | Z1: Việc sống xa gia đình có khiến bạn căng thẳng? | AA1: cangthangxagd_norm | AB1: Bạn có bị khuyết tật/ bỏng mặt hoặc vùng khác khiến mất thẩm mỹ không? | AC1: Bạn có bị đối xử bất công vì bất kỳ lý do nào sau đây không? | AD1: Bạn có lo lắng về việc làm sau khi tốt nghiệp đại học? | AE1: Gia đình có gây áp lực về điểm số, ngành học, sự nghiệp? | AF1: Bạn có cảm thấy áp lực phải đạt điểm cao / bằng cấp tốt? | AG1: Áp lực học tập khiến bạn cảm thấy căng thẳng / tinh thần giảm sút mức nào? | AH1: Mâu thuẫn với gia đình ảnh hưởng đến cảm xúc của bạn không? | AI1: Bạn có từng gặp xung đột trong tình yêu gây stress? | AK1: Việc chia tay/đổ vỡ có ảnh hưởng đến tâm lý của bạn mức nào? | AM1: Tình trạng mối quan hệ của bạn | AO1: Bạn đã có em bé chưa | AP1: Trong 2 tuần qua, bạn có dấu hiệu nào sau đây: 9 câu hỏi sau đây, lựa chọn theo mức độ mỗi câu: Không có - Vài ngày - Hơn một nửa số ngày - Gần như mỗi ngày 1. Ít quan tâm hoặc không còn thích thú làm mọi việc? (Little interest or pleasure in doing things?) | AQ1: 2. Cảm thấy chán nản, buồn bã hoặc vô vọng? (Feeling down, depressed, or hopeless?) | AR1: 3. Khó ngủ, ngủ không yên giấc hoặc ngủ quá nhiều? (Trouble falling or staying asleep, or sleeping too much?) | AS1: 4. Cảm thấy mệt mỏi hoặc không có năng lượng? (Feeling tired or having little energy?) | AT1: 5. Ăn không ngon hoặc ăn quá nhiều? (Poor appetite or overeating?) | AU1: 6. Cảm thấy tồi tệ về bản thân—hoặc cảm thấy mình là người thất bại hay đã làm gia đình thất vọng? (Feeling bad about yourself—or that you are a failure or have let yourself or your family down?) | AV1: 7. Gặp khó khăn trong việc tập trung vào mọi thứ, chẳng hạn như đọc báo hoặc xem tivi? (Trouble concentrating on things, such as reading the newspaper or watching television?) | AW1: 8. Di chuyển hoặc nói rất chậm chạp đến mức người khác có thể nhận thấy? Hoặc ngược lại—bồn chồn, không ngừng di chuyển, bồn chồn hơn bình thường? (Moving or speaking so slowly that other people could have noticed? Or the opposite—being so fidgety or restless that you have been moving around a lot more than usual?) | AX1: 9. Có suy nghĩ rằng mình sẽ chết đi thì tốt hơn hoặc có ý định tự làm hại bản thân theo cách nào đó? (Thoughts that you would be better off dead or of hurting yourself in some way?) | AY1: P_TOTAL | AZ1: PHQ9_RESULT | BA1: PHQ9_LABEL_10 | BB1: PHQ9_LABEL_14 | BC1: Trong 2 tuần qua, bạn đã bao nhiêu lần bị làm phiền bởi các vấn đề sau? 7 câu hỏi sau đây, lựa chọn theo mức độ mỗi câu: Không có - Vài ngày - Hơn một nửa số ngày - Gần như mỗi ngày 1. Cảm thấy lo lắng, bồn chồn hoặc căng thẳng | BD1: 2. Không thể ngừng hoặc kiểm soát sự lo lắng | BE1: 3. Lo lắng quá nhiều về nhiều thứ khác nhau | BF1: 4. Khó thư giãn | BG1: 5. Dễ bị khó chịu hoặc cáu kỉnh | BH1: 6. Quá bồn chồn đến mức khó có thể ngồi yên | BI1: 7. Cảm thấy sợ hãi như thể có điều gì đó khủng khiếp có thể xảy ra | BJ1: G_TOTAL | BK1: GAD7_RESULT | BL1: GAD7_LABEL_8 | BM1: GAD7_LABEL | BN1: Bạn có cảm thấy mập không? 1=Không bao giờ 2=Hiếm khi 3=Thỉnh thoảng 4=Thường xuyên 5=Luôn luôn | BO1: Bạn có cần phải rất gầy để cảm thấy tự tin về bản thân không? | BQ1: Tôi lo rằng mình sẽ không được người khác đối xử công bằng vì cân nặng của mình. ( 1=Hoàn toàn không đồng ý 2=Không đồng ý 3=Hơi không đồng ý 4=Hơi đồng ý 5=Đồng ý 6=Hoàn toàn đồng ý ) | BR1: Trong 4 tuần qua (28 ngày), bạn đã ăn một lượng thức ăn lớn bất thường trong bao nhiêu ngày và có cảm giác mất kiểm soát vào thời điểm đó? (Điền số 0-28) | BS1: Bạn có từng bị miệt thị ngoại hình (body shaming)? | BT1: bodyshaming_norm | BU1: Ai là người miệt thị ngoại hình (body shaming) bạn? | BV1: Bạn sẽ mô tả tình hình tài chính của mình như thế nào cho đúng? 1=Luôn căng thẳng 2=Thường xuyên căng thẳng 3=Thỉnh thoảng căng thẳng 4=Hiếm khi căng thẳng 5=Không bao giờ căng thẳng | BW1: Bạn có lo lắng gì về tình hình sống hiện tại của mình không, chẳng hạn như điều kiện nhà ở, an toàn và chi phí? | BX1: Tiền học phí của bạn là do ai chi trả: | BY1: Chi phí sinh hoạt có gây khó khăn đáng kể không? | BZ1: Bạn có cảm thấy bị áp lực khi nhìn thấy cuộc sống người khác trên mạng không? | CB1: Bạn có thường so sánh bản thân với người khác không? | CD1: Bạn thường xuyên cảm thấy mình thiếu bạn đồng hành đến mức nào? | CF1: Bạn thường cảm thấy bị bỏ rơi như thế nào? | CH1: Bạn thường cảm thấy bị cô lập với người khác như thế nào? | CJ1: Nền tảng bạn dùng nhiều nhất? | CK1: Bạn đã sử dụng các không gian trực tuyến như phương tiện truyền thông xã hội để tương tác với người khác về các vấn đề xã hội không? Vui lòng cho biết các loại vấn đề xã hội mà bạn đã tương tác bằng cách sử dụng các không gian trực tuyến | CL1: Trong tuần qua, trung bình mỗi ngày bạn dành khoảng bao nhiêu thời gian để sử dụng các không gian trực tuyến không dành cho việc học hoặc làm việc, chẳng hạn như mạng xã hội, chơi game, v.v. | CN1: Bạn có từng bị quấy rối online không? | CP1: Kể từ khi bạn bắt đầu đi học, bạn đã từng gặp phải những điều sau đây chưa? gồm 5 câu hỏi 1.Bị người khác làm tổn thương về thể chất (ví dụ: đánh, đẩy, xô sát)? | CQ1: 2.Bị lăng mạ, xúc phạm hoặc nói xấu? | CR1: 3.Bị đe dọa làm hại bạn hoặc người thân của bạn? | CS1: 4.Bị la hét, mắng chửi? | CT1: 5.Bị quấy rối hoặc bị chia sẻ thông tin cá nhân (tin nhắn, hình ảnh, video) mà không có sự đồng ý của bạn; hoặc bị yêu cầu/truy cập vào thông tin riêng tư? | CU1: ipv1 | CV1: ipv2 | CW1: ipv3 | CX1: ipv4 | CY1: ipv5 | CZ1: Trong năm qua, bạn có thể đã cố ý làm tổn thương bản thân, mà không có ý định tự tử. (Vd: Cắt, làm bỏng, đấm, đập, cào, cắn, cản trở quá trình lành vết thương, khắc chữ hoặc ký hiệu lên da, cọ xát vật sắc nhọn lên da để làm bản thân bị thương) | DB1: Trong năm qua, bạn có bao giờ nghĩ đến việc tự tử không? | DD1: Ý nghĩ, hành động tự tử bạn có gần nhất là cách đây mấy tuần? | DE1: Bạn có tham gia hoạt động thể dục/ thể thao không? | DG1: Bạn đã từng được chẩn đoán mắc bất kỳ tình trạng sức khỏe nào sau đây, cần điều trị liên tục bởi chuyên gia chăm sóc sức khỏe (tức là bệnh mãn tính) chưa? | DI1: Bạn đã từng được chuyên gia y tế chẩn đoán mắc bất kỳ tình trạng nào sau đây chưa? (ví dụ: bác sĩ chăm sóc sức khỏe ban đầu, bác sĩ tâm thần, nhà tâm lý học)? | DK1: Bạn đã từng nhận được tư vấn hoặc trị liệu cho các vấn đề về sức khỏe tâm thần chưa? | DM1: Tần suất tham gia / tuần | DO1: Bộ môn tham gia | DP1: Bạn đã từng là nạn nhân của hành vi xâm hại tình dục? | DQ1: xhtd_norm | DR1: Người thực hiện hành vi đó là | DS1: Bạn có sử dụng các app hẹn hò không? | DT1: Mục đích sử dụng app hẹn hò của bạn là gì? | DU1: Bạn hoặc người yêu (hiện tại hoặc cũ) của bạn đã từng mang thai chưa? | DV1: mangthai_norm | DW1: Bạn hoặc người yêu (hiện tại hoặc cũ) của bạn đã từng mang thai, vậy hướng xử lý như thế nào
A2: 46003.623 | B2: Đồng Nai | C2: Nam | D2: =if(C2="Nam", 0, 1) -> 0 | E2: Dị tính (Heterosexual) | F2: =IFERROR(__xludf.DUMMYFUNCTION("LET( t, LOWER(TRIM(E2)), IFS( REGEXMATCH(t,""chuyển giới|transgender""), 6, REGEXMATCH(t,""vô tính|asexual|nam nữ.*không có nhu cầu""), 4, REGEXMATCH(t,""toàn tính|pansexual""), 5, REGEXMATCH(t,""song tính|bisexual|biromantic""), 1, "&" AND(REGEXMATCH(t,""đồng tính nam|\bgay\b""), NOT(REGEXMATCH(t,""not gay|không gay|ko gay""))), 2, REGEXMATCH(t,""đồng tính nữ|\blesbian\b|em thích nữ|thích nữ|mê nữ|sapphic""), 3, REGEXMATCH(t,""^\.$|^(không|ko|k|no)$|^(không có|ko có)$""), 8, "&" REGEXMATCH(t,""không biết|chưa rõ|chưa xác định|ko hiểu|huh|strange|\?{3,}|hong có.*không biết|vn chỉ có nam và nữ""), 7, REGEXMATCH(t,""dị tính|heterosexual|thẳng|straight|khác giới|thích khác giới|trai gái|quan hệ trai gái|nam\s*-\s*nữ|nam\s*nữ|b"&"ình thường|normal|\bbth\b|\bbinh thuong\b|giới tính bình thường|xu hướng tính dục bth""), 0, TRUE, 7 ) )"),0.0) -> 0 | G2: Công giáo | H2: =IFERROR(__xludf.DUMMYFUNCTION("LET( t, LOWER(TRIM(G2)), IFS( REGEXMATCH(t,""phật giáo hòa hảo""), 3, REGEXMATCH(t,""công giáo""), 1, REGEXMATCH(t,""phật giáo""), 2, REGEXMATCH(t,""hồi giáo""), 4, REGEXMATCH(t,""cao đài|cao dai""), 5, REGEXMATCH(t,""bà la môn"&"|ba la mon""), 6, REGEXMATCH(t,""^kinh$""), 7, REGEXMATCH(t,""không tôn giáo|^(không|khong)$|^không có$|^khong co$|^không$|^không\s+$""), 0, TRUE, """" ) )"),1.0) -> 1 | I2: Thuê trọ | J2: =IFERROR(__xludf.DUMMYFUNCTION("LET( text, LOWER(I2), IFERROR( IFS( REGEXMATCH(text,""ở cùng gia đình|ở trọ cùng gia đình""), 0, REGEXMATCH(text,""thuê trọ""), 1, REGEXMATCH(text,""ở ktx""), 2, REGEXMATCH(text,""có nhà tại khu vực đang học|có nhà|ở riêng "&"tại chung cư""), 3, REGEXMATCH(text,""ở nhà người quen""), 4 ), -1) )"),1.0) -> 1 | K2: Khá | L2: =IFERROR(__xludf.DUMMYFUNCTION("LET( t, LOWER(TRIM(K2)), IFERROR( IFS( REGEXMATCH(t,""xuất\s*sắc""), 0, REGEXMATCH(t,""^giỏi$""), 1, REGEXMATCH(t,""^khá$""), 2, REGEXMATCH(t,""trung bình|bình thường|^4$""), 3, REGEXMATCH(t,""rớt""), 4, REGEXMA"&"TCH(t,""năm nhất|tân sinh viên|mới|chưa|không|sắp thi|chuẩn bị thi|kq|kết quả|chưa có|chưa biết""), 5, TRUE, 5 ), 5) )"),2.0) -> 2 | M2: Do xu hướng thị trường | N2: =IFERROR(__xludf.DUMMYFUNCTION("LET( t, LOWER(TRIM(M2)), IFERROR( IFS( REGEXMATCH(t,""ko biết|không biết|hơm bt|hôm bt|khum biết|chưa biết|không rõ|câu không rõ""), 3, REGEXMATCH(t,""50/50|bình thường|phân vân|lúc này lúc kia|fomo|đuối|hơi đuối|hơi không chắc""), 1,"&" REGEXMATCH(t,""không hợp|không phù hợp|hối hận|bất đắc dĩ|bất đắt dĩ|do không còn lựa chọn|không còn đam mê|mất đam mê|học không nổi""), 0, REGEXMATCH(t,""^có$|^có\b""), 0, REGEXMATCH(t,""^không$|^không\s|^không\.$|^không!$|^không,$|^"&"không\?$|phù hợp|siêu hợp|cảm thấy phù hợp|phù hợp rồi|ổn|ước mơ|tự chọn|năng lực|suy nghĩ""), 2, TRUE, 3 ), 3) )"),3.0) -> 3 | O2: Không | P2: =if(O2="Có", 1, 0) -> 0 | R2: =Q2 | V2: =IFERROR(__xludf.DUMMYFUNCTION("IFERROR(REGEXEXTRACT(U2,""\d+"")*1, """")"),"") | W2: =if(V2<>"", V2, 0) -> 0 | Z2: Không | AB2: Không | AC2: Không | AD2: Có một chút | AE2: Có một chút | AF2: Áp lực nhiều | AG2: Có chút ảnh hưởng | AH2: Có chút ảnh hưởng | AI2: Hiếm khi (1–2 lần) | AJ2: =LET( txt,LOWER(TRIM(SUBSTITUTE(AI2,CHAR(160)," "))), IFS( txt="không bao giờ",0, txt="hiếm khi (1–2 lần)",1, txt="thỉnh thoảng (vài lần)",2, txt="thường xuyên (thường xuyên trong vài tháng)",3, txt="luôn/rất thường xuyên",4, TRUE,"" ) ) -> 1 | AK2: Có chút ảnh hưởng | AL2: =LET( txt,LOWER(TRIM(SUBSTITUTE(AK2,CHAR(160)," "))), IFS( OR( ISNUMBER(SEARCH("không có trải nghiệm",txt)), ISNUMBER(SEARCH("chưa từng",txt)) ),-1, txt="không ảnh hưởng",0, ISNUMBER(SEARCH("có chút",txt)),1, AND(ISNUMBER(SEARCH("ảnh hưởng",txt)),ISNUMBER(SEARCH("rất",txt))),3, ISNUMBER(SEARCH("ảnh hưởng nhiều",txt)),2, TRUE,"" ) ) -> 1 | AM2: Độc thân | AN2: =LET( txt,LOWER(TRIM(AM2)), IFS( OR( txt="độc thân", txt="chưa có ny", txt="không có người yêu !!!!", txt="ế", txt="không có bồ", txt="không có", txt=".", txt="không có người yêu", txt="chưa yêu ai", txt="dạ chưa có mối tình đầu luôn ạ", txt="ko có người yêu", txt="đang kiếm phú bà nào đó ok ok", txt="án treo", txt="không", txt="ế quắt", txt="hiện tại không ai yêu và không quan tâm đến tình yêu", txt="0" ),0, txt="đã kết hôn",3, txt="trong mối quan hệ mập mờ",2, txt="có người yêu",1, TRUE,0 ) ) -> 0 | AP2: 2 | AQ2: 1 | AR2: 1 | AS2: 1 | AT2: 1 | AU2: 2 | AV2: 1 | AW2: 1 | AX2: 1 | AY2: =sum(AP2:AX2) -> 11 | AZ2: =AY2-9 -> 2 | BA2: =if(AZ2 >= 10 ,1,0) -> 0 | BB2: =if(AZ2 >= 14 ,1,0) -> 0 | BC2: 1 | BD2: 1 | BE2: 3 | BF2: 1 | BG2: 1 | BH2: 1 | BI2: 1 | BJ2: =sum(BC2:BI2) -> 9 | BK2: =BJ2-7 -> 2 | BN2: 2 | BO2: Không | BP2: =if(BO2="Không",0,1) -> 0 | BQ2: 2 | BR2: 0 | BS2: Không | BT2: =if(BS2="Không",0,1) -> 0 | BV2: 3 | BW2: Không | BX2: Cha mẹ | BY2: Không | BZ2: Có một chút | CA2: =LET( txt,LOWER(TRIM(SUBSTITUTE(BZ2,CHAR(160)," "))), IFS( ISNUMBER(SEARCH("không",txt)),0, ISNUMBER(SEARCH("có một chút",txt)),1, ISNUMBER(SEARCH("thường xuyên",txt)),2, TRUE,"" ) ) -> 1 | CB2: Có một chút | CC2: =LET( txt,LOWER(TRIM(SUBSTITUTE(CB2,CHAR(160)," "))), IFS( ISNUMBER(SEARCH("không",txt)),0, ISNUMBER(SEARCH("có một chút",txt)),1, ISNUMBER(SEARCH("thường xuyên",txt)),2, TRUE,"" ) ) -> 1 | CD2: Hiếm khi | CE2: =LET( txt,LOWER(TRIM(SUBSTITUTE(CD2,CHAR(160)," "))), IFS( ISNUMBER(SEARCH("hiếm khi",txt)),0, ISNUMBER(SEARCH("thỉnh thoảng",txt)),1, ISNUMBER(SEARCH("thường xuyên",txt)),2, TRUE,"" ) ) -> 0 | CF2: Hiếm khi | CG2: =LET( txt,LOWER(TRIM(SUBSTITUTE(CF2,CHAR(160)," "))), IFS( ISNUMBER(SEARCH("hiếm khi",txt)),0, ISNUMBER(SEARCH("thỉnh thoảng",txt)),1, ISNUMBER(SEARCH("thường xuyên",txt)),2, TRUE,"" ) ) -> 0 | CH2: Hiếm khi | CI2: =LET( txt,LOWER(TRIM(SUBSTITUTE(CH2,CHAR(160)," "))), IFS( ISNUMBER(SEARCH("hiếm khi",txt)),0, ISNUMBER(SEARCH("thỉnh thoảng",txt)),1, ISNUMBER(SEARCH("thường xuyên",txt)),2, TRUE,"" ) ) -> 0 | CJ2: Game | CK2: Không | CL2: 3-4 giờ mỗi ngày | CM2: =IFS( ISNUMBER(SEARCH("10-30",CL2)),0.33, ISNUMBER(SEARCH("31-60",CL2)),0.75, ISNUMBER(SEARCH("1-2",CL2)),1.5, ISNUMBER(SEARCH("3-4",CL2)),3.5, ISNUMBER(SEARCH("Hơn 5",CL2)),6, ISNUMBER(SEARCH("9 giờ",CL2)),9, ISNUMBER(SEARCH("18",CL2)),18, ISNUMBER(SEARCH("Không có",CL2)),0, ISNUMBER(SEARCH("Cả ngày",CL2)),18, ISNUMBER(SEARCH("Mọi lúc",CL2)),18, ISNUMBER(SEARCH("Hàng giờ",CL2)),12, ISNUMBER(SEARCH("không cố định",LOWER(CL2))),NA(), ISNUMBER(SEARCH("không theo",LOWER(CL2))),NA(), ISNUMBER(SEARCH("tranh thủ",LOWER(CL2))),NA(), ISNUMBER(SEARCH("tùy",LOWER(CL2))),NA(), ISNUMBER(SEARCH("sau 10h",LOWER(CL2))),2, TRUE,NA() ) -> 3.5 | CN2: Không | CO2: =if(CN2="Không", 0, if(CN2="Nhiều", 2, 1)) -> 0 | CP2: Không | CQ2: Không | CR2: Không | CS2: Không | CT2: Không | CU2: =if(CP2="Không",0,1) -> 0 | CV2: =if(CQ2="Không",0,1) -> 0 | CW2: =if(CR2="Không",0,1) -> 0 | CX2: =if(CS2="Không",0,1) -> 0 | CY2: =if(CT2="Không",0,1) -> 0 | CZ2: Không | DA2: =if(CZ2="Không",0,1) -> 0 | DB2: Không | DC2: =if(DB2="Không",0,1) -> 0 | DE2: Có | DF2: =if(DE2="Có", 1, 0) -> 1 | DG2: Không có | DH2: =if(DG2="Không có", 0, 1) -> 0 | DI2: Không | DJ2: =if(DI2="Không", 0, 1) -> 0 | DK2: Không, không bao giờ | DL2: =IFS( ISNUMBER(SEARCH("không",LOWER(DK2))),0, ISNUMBER(SEARCH("chưa",LOWER(DK2))),0, ISNUMBER(SEARCH("cả hai",LOWER(DK2))),3, AND(ISNUMBER(SEARCH("trước",LOWER(DK2))),ISNUMBER(SEARCH("đại học",LOWER(DK2)))),1, AND(ISNUMBER(SEARCH("kể từ khi",LOWER(DK2))),ISNUMBER(SEARCH("đại học",LOWER(DK2)))),2, ISNUMBER(SEARCH("thuốc",LOWER(DK2))),2, ISNUMBER(SEARCH("bác sĩ",LOWER(DK2))),2, TRUE,NA() ) -> 0 | DM2: 1-2 giờ | DN2: =LET( x,LOWER(TRIM(DM2)), IF(OR(x="không",x="0",x="hồi đó giờ ko chơi",x="hồi đó giờ không chơi"),0, IF(ISNUMBER(SEARCH("dưới 1",x)),0.5, IF(ISNUMBER(SEARCH("5 giờ trở lên",x)),5, IF(ISNUMBER(SEARCH("mỗi ngày",x)), IF(ISNUMBER(SEARCH("mỗi ngày ",x)), VALUE(MID(x,SEARCH("mỗi ngày ",x)+9,SEARCH(" giờ",x)-SEARCH("mỗi ngày ",x)-9))*7, VALUE(LEFT(x,SEARCH(" giờ",x)-1))*7 ), IF(ISNUMBER(SEARCH("-",x)), (VALUE(LEFT(x,SEARCH("-",x)-1))+VALUE(MID(x,SEARCH("-",x)+1,SEARCH(" giờ",x)-SEARCH("-",x)-1)))/2, IF(ISNUMBER(SEARCH(" giờ",x)), VALUE(LEFT(x,SEARCH(" giờ",x)-1)), "")))))) ) -> 1.5 | DO2: Chạy bộ | DP2: Không | DQ2: =IF(DP2 = "Không", 0, 1) -> 0 | DS2: Không | DU2: Không
A3: 46003.626 | B3: Quảng Bình | C3: Nam | D3: =if(C3="Nam", 0, 1) -> 0 | E3: Dị tính (Heterosexual) | F3: =IFERROR(__xludf.DUMMYFUNCTION("LET( t, LOWER(TRIM(E3)), IFS( REGEXMATCH(t,""chuyển giới|transgender""), 6, REGEXMATCH(t,""vô tính|asexual|nam nữ.*không có nhu cầu""), 4, REGEXMATCH(t,""toàn tính|pansexual""), 5, REGEXMATCH(t,""song tính|bisexual|biromantic""), 1, "&" AND(REGEXMATCH(t,""đồng tính nam|\bgay\b""), NOT(REGEXMATCH(t,""not gay|không gay|ko gay""))), 2, REGEXMATCH(t,""đồng tính nữ|\blesbian\b|em thích nữ|thích nữ|mê nữ|sapphic""), 3, REGEXMATCH(t,""^\.$|^(không|ko|k|no)$|^(không có|ko có)$""), 8, "&" REGEXMATCH(t,""không biết|chưa rõ|chưa xác định|ko hiểu|huh|strange|\?{3,}|hong có.*không biết|vn chỉ có nam và nữ""), 7, REGEXMATCH(t,""dị tính|heterosexual|thẳng|straight|khác giới|thích khác giới|trai gái|quan hệ trai gái|nam\s*-\s*nữ|nam\s*nữ|b"&"ình thường|normal|\bbth\b|\bbinh thuong\b|giới tính bình thường|xu hướng tính dục bth""), 0, TRUE, 7 ) )"),0.0) -> 0 | G3: Công giáo | H3: =IFERROR(__xludf.DUMMYFUNCTION("LET( t, LOWER(TRIM(G3)), IFS( REGEXMATCH(t,""phật giáo hòa hảo""), 3, REGEXMATCH(t,""công giáo""), 1, REGEXMATCH(t,""phật giáo""), 2, REGEXMATCH(t,""hồi giáo""), 4, REGEXMATCH(t,""cao đài|cao dai""), 5, REGEXMATCH(t,""bà la môn"&"|ba la mon""), 6, REGEXMATCH(t,""^kinh$""), 7, REGEXMATCH(t,""không tôn giáo|^(không|khong)$|^không có$|^khong co$|^không$|^không\s+$""), 0, TRUE, """" ) )"),1.0) -> 1 | I3: Có nhà tại khu vực đang học | J3: =IFERROR(__xludf.DUMMYFUNCTION("LET( text, LOWER(I3), IFERROR( IFS( REGEXMATCH(text,""ở cùng gia đình|ở trọ cùng gia đình""), 0, REGEXMATCH(text,""thuê trọ""), 1, REGEXMATCH(text,""ở ktx""), 2, REGEXMATCH(text,""có nhà tại khu vực đang học|có nhà|ở riêng "&"tại chung cư""), 3, REGEXMATCH(text,""ở nhà người quen""), 4 ), -1) )"),3.0) -> 3 | K3: Trung bình | L3: =IFERROR(__xludf.DUMMYFUNCTION("LET( t, LOWER(TRIM(K3)), IFERROR( IFS( REGEXMATCH(t,""xuất\s*sắc""), 0, REGEXMATCH(t,""^giỏi$""), 1, REGEXMATCH(t,""^khá$""), 2, REGEXMATCH(t,""trung bình|bình thường|^4$""), 3, REGEXMATCH(t,""rớt""), 4, REGEXMA"&"TCH(t,""năm nhất|tân sinh viên|mới|chưa|không|sắp thi|chuẩn bị thi|kq|kết quả|chưa có|chưa biết""), 5, TRUE, 5 ), 5) )"),3.0) -> 3 | M3: Do xu hướng thị trường | N3: =IFERROR(__xludf.DUMMYFUNCTION("LET( t, LOWER(TRIM(M3)), IFERROR( IFS( REGEXMATCH(t,""ko biết|không biết|hơm bt|hôm bt|khum biết|chưa biết|không rõ|câu không rõ""), 3, REGEXMATCH(t,""50/50|bình thường|phân vân|lúc này lúc kia|fomo|đuối|hơi đuối|hơi không chắc""), 1,"&" REGEXMATCH(t,""không hợp|không phù hợp|hối hận|bất đắc dĩ|bất đắt dĩ|do không còn lựa chọn|không còn đam mê|mất đam mê|học không nổi""), 0, REGEXMATCH(t,""^có$|^có\b""), 0, REGEXMATCH(t,""^không$|^không\s|^không\.$|^không!$|^không,$|^"&"không\?$|phù hợp|siêu hợp|cảm thấy phù hợp|phù hợp rồi|ổn|ước mơ|tự chọn|năng lực|suy nghĩ""), 2, TRUE, 3 ), 3) )"),3.0) -> 3 | O3: Có | P3: =if(O3="Có", 1, 0) -> 1 | Q3: 1 | R3: =Q3 -> 1 | S3: Việc liên quan đến chuyên ngành | U3: <=15h/ tuần, | V3: =IFERROR(__xludf.DUMMYFUNCTION("IFERROR(REGEXEXTRACT(U3,""\d+"")*1, """")"),15.0) -> 15 | W3: =if(V3<>"", V3, 0) -> 15 | X3: 1 | Y3: 0 | Z3: Không | AB3: Không | AC3: Không | AD3: Rất lo lắng | AE3: Không | AF3: Có chút áp lực | AG3: Có chút ảnh hưởng | AH3: Có chút ảnh hưởng | AI3: Hiếm khi (1–2 lần) | AJ3: =LET( txt,LOWER(TRIM(SUBSTITUTE(AI3,CHAR(160)," "))), IFS( txt="không bao giờ",0, txt="hiếm khi (1–2 lần)",1, txt="thỉnh thoảng (vài lần)",2, txt="thường xuyên (thường xuyên trong vài tháng)",3, txt="luôn/rất thường xuyên",4, TRUE,"" ) ) -> 1 | AK3: Có chút ảnh hưởng | AL3: =LET( txt,LOWER(TRIM(SUBSTITUTE(AK3,CHAR(160)," "))), IFS( OR( ISNUMBER(SEARCH("không có trải nghiệm",txt)), ISNUMBER(SEARCH("chưa từng",txt)) ),-1, txt="không ảnh hưởng",0, ISNUMBER(SEARCH("có chút",txt)),1, AND(ISNUMBER(SEARCH("ảnh hưởng",txt)),ISNUMBER(SEARCH("rất",txt))),3, ISNUMBER(SEARCH("ảnh hưởng nhiều",txt)),2, TRUE,"" ) ) -> 1 | AM3: Độc thân | AN3: =LET( txt,LOWER(TRIM(AM3)), IFS( OR( txt="độc thân", txt="chưa có ny", txt="không có người yêu !!!!", txt="ế", txt="không có bồ", txt="không có", txt=".", txt="không có người yêu", txt="chưa yêu ai", txt="dạ chưa có mối tình đầu luôn ạ", txt="ko có người yêu", txt="đang kiếm phú bà nào đó ok ok", txt="án treo", txt="không", txt="ế quắt", txt="hiện tại không ai yêu và không quan tâm đến tình yêu", txt="0" ),0, txt="đã kết hôn",3, txt="trong mối quan hệ mập mờ",2, txt="có người yêu",1, TRUE,0 ) ) -> 0 | AP3: 1 | AQ3: 3 | AR3: 2 | AS3: 2 | AT3: 2 | AU3: 3 | AV3: 2 | AW3: 2 | AX3: 2 | AY3: =sum(AP3:AX3) -> 19 | AZ3: =AY3-9 -> 10 | BA3: =if(AZ3 >= 10 ,1,0) -> 1 | BB3: =if(AZ3 >= 14 ,1,0) -> 0 | BC3: 2 | BD3: 2 | BE3: 3 | BF3: 3 | BG3: 2 | BH3: 3 | BI3: 1 | BJ3: =sum(BC3:BI3) -> 16 | BK3: =BJ3-7 -> 9 | BN3: 2 | BO3: Không | BP3: =if(BO3="Không",0,1) -> 0 | BQ3: 3 | BR3: 10 | BS3: Có | BT3: =if(BS3="Không",0,1) -> 1 | BU3: Bạn bè | BV3: 2 | BW3: Có | BX3: Cha mẹ | BY3: Có | BZ3: Có một chút | CA3: =LET( txt,LOWER(TRIM(SUBSTITUTE(BZ3,CHAR(160)," "))), IFS( ISNUMBER(SEARCH("không",txt)),0, ISNUMBER(SEARCH("có một chút",txt)),1, ISNUMBER(SEARCH("thường xuyên",txt)),2, TRUE,"" ) ) -> 1 | CB3: Có một chút | CC3: =LET( txt,LOWER(TRIM(SUBSTITUTE(CB3,CHAR(160)," "))), IFS( ISNUMBER(SEARCH("không",txt)),0, ISNUMBER(SEARCH("có một chút",txt)),1, ISNUMBER(SEARCH("thường xuyên",txt)),2, TRUE,"" ) ) -> 1 | CD3: Thường xuyên | CE3: =LET( txt,LOWER(TRIM(SUBSTITUTE(CD3,CHAR(160)," "))), IFS( ISNUMBER(SEARCH("hiếm khi",txt)),0, ISNUMBER(SEARCH("thỉnh thoảng",txt)),1, ISNUMBER(SEARCH("thường xuyên",txt)),2, TRUE,"" ) ) -> 2 | CF3: Thỉnh thoảng | CG3: =LET( txt,LOWER(TRIM(SUBSTITUTE(CF3,CHAR(160)," "))), IFS( ISNUMBER(SEARCH("hiếm khi",txt)),0, ISNUMBER(SEARCH("thỉnh thoảng",txt)),1, ISNUMBER(SEARCH("thường xuyên",txt)),2, TRUE,"" ) ) -> 1 | CH3: Thường xuyên | CI3: =LET( txt,LOWER(TRIM(SUBSTITUTE(CH3,CHAR(160)," "))), IFS( ISNUMBER(SEARCH("hiếm khi",txt)),0, ISNUMBER(SEARCH("thỉnh thoảng",txt)),1, ISNUMBER(SEARCH("thường xuyên",txt)),2, TRUE,"" ) ) -> 2 | CJ3: Instagram | CK3: Các chủ đề chính trị | CL3: Hơn 5 giờ mỗi ngày | CM3: =IFS( ISNUMBER(SEARCH("10-30",CL3)),0.33, ISNUMBER(SEARCH("31-60",CL3)),0.75, ISNUMBER(SEARCH("1-2",CL3)),1.5, ISNUMBER(SEARCH("3-4",CL3)),3.5, ISNUMBER(SEARCH("Hơn 5",CL3)),6, ISNUMBER(SEARCH("9 giờ",CL3)),9, ISNUMBER(SEARCH("18",CL3)),18, ISNUMBER(SEARCH("Không có",CL3)),0, ISNUMBER(SEARCH("Cả ngày",CL3)),18, ISNUMBER(SEARCH("Mọi lúc",CL3)),18, ISNUMBER(SEARCH("Hàng giờ",CL3)),12, ISNUMBER(SEARCH("không cố định",LOWER(CL3))),NA(), ISNUMBER(SEARCH("không theo",LOWER(CL3))),NA(), ISNUMBER(SEARCH("tranh thủ",LOWER(CL3))),NA(), ISNUMBER(SEARCH("tùy",LOWER(CL3))),NA(), ISNUMBER(SEARCH("sau 10h",LOWER(CL3))),2, TRUE,NA() ) -> 6 | CN3: Có thỉnh thoảng | CO3: =if(CN3="Không", 0, if(CN3="Nhiều", 2, 1)) -> 1 | CP3: Có | CQ3: Có | CR3: Có | CS3: Không | CT3: Không | CU3: =if(CP3="Không",0,1) -> 1 | CV3: =if(CQ3="Không",0,1) -> 1 | CW3: =if(CR3="Không",0,1) -> 1 | CX3: =if(CS3="Không",0,1) -> 0 | CY3: =if(CT3="Không",0,1) -> 0 | CZ3: Không | DA3: =if(CZ3="Không",0,1) -> 0 | DB3: Không | DC3: =if(DB3="Không",0,1) -> 0 | DE3: Có | DF3: =if(DE3="Có", 1, 0) -> 1 | DG3: Hen suyễn | DH3: =if(DG3="Không có", 0, 1) -> 1 | DI3: ADHD | DJ3: =if(DI3="Không", 0, 1) -> 1 | DK3: Không, không bao giờ | DL3: =IFS( ISNUMBER(SEARCH("không",LOWER(DK3))),0, ISNUMBER(SEARCH("chưa",LOWER(DK3))),0, ISNUMBER(SEARCH("cả hai",LOWER(DK3))),3, AND(ISNUMBER(SEARCH("trước",LOWER(DK3))),ISNUMBER(SEARCH("đại học",LOWER(DK3)))),1, AND(ISNUMBER(SEARCH("kể từ khi",LOWER(DK3))),ISNUMBER(SEARCH("đại học",LOWER(DK3)))),2, ISNUMBER(SEARCH("thuốc",LOWER(DK3))),2, ISNUMBER(SEARCH("bác sĩ",LOWER(DK3))),2, TRUE,NA() ) -> 0 | DM3: 3-4 giờ | DN3: =LET( x,LOWER(TRIM(DM3)), IF(OR(x="không",x="0",x="hồi đó giờ ko chơi",x="hồi đó giờ không chơi"),0, IF(ISNUMBER(SEARCH("dưới 1",x)),0.5, IF(ISNUMBER(SEARCH("5 giờ trở lên",x)),5, IF(ISNUMBER(SEARCH("mỗi ngày",x)), IF(ISNUMBER(SEARCH("mỗi ngày ",x)), VALUE(MID(x,SEARCH("mỗi ngày ",x)+9,SEARCH(" giờ",x)-SEARCH("mỗi ngày ",x)-9))*7, VALUE(LEFT(x,SEARCH(" giờ",x)-1))*7 ), IF(ISNUMBER(SEARCH("-",x)), (VALUE(LEFT(x,SEARCH("-",x)-1))+VALUE(MID(x,SEARCH("-",x)+1,SEARCH(" giờ",x)-SEARCH("-",x)-1)))/2, IF(ISNUMBER(SEARCH(" giờ",x)), VALUE(LEFT(x,SEARCH(" giờ",x)-1)), "")))))) ) -> 3.5 | DO3: Bóng đá | DP3: Không | DQ3: =IF(DP3 = "Không", 0, 1) -> 0 | DS3: Có | DT3: Friend With Benefits | DU3: Không
A4: 46003.626 | B4: TP. Hồ Chí Minh | C4: Nam | D4: =if(C4="Nam", 0, 1) -> 0 | E4: Dị tính (Heterosexual) | F4: =IFERROR(__xludf.DUMMYFUNCTION("LET( t, LOWER(TRIM(E4)), IFS( REGEXMATCH(t,""chuyển giới|transgender""), 6, REGEXMATCH(t,""vô tính|asexual|nam nữ.*không có nhu cầu""), 4, REGEXMATCH(t,""toàn tính|pansexual""), 5, REGEXMATCH(t,""song tính|bisexual|biromantic""), 1, "&" AND(REGEXMATCH(t,""đồng tính nam|\bgay\b""), NOT(REGEXMATCH(t,""not gay|không gay|ko gay""))), 2, REGEXMATCH(t,""đồng tính nữ|\blesbian\b|em thích nữ|thích nữ|mê nữ|sapphic""), 3, REGEXMATCH(t,""^\.$|^(không|ko|k|no)$|^(không có|ko có)$""), 8, "&" REGEXMATCH(t,""không biết|chưa rõ|chưa xác định|ko hiểu|huh|strange|\?{3,}|hong có.*không biết|vn chỉ có nam và nữ""), 7, REGEXMATCH(t,""dị tính|heterosexual|thẳng|straight|khác giới|thích khác giới|trai gái|quan hệ trai gái|nam\s*-\s*nữ|nam\s*nữ|b"&"ình thường|normal|\bbth\b|\bbinh thuong\b|giới tính bình thường|xu hướng tính dục bth""), 0, TRUE, 7 ) )"),0.0) -> 0 | G4: Phật giáo | H4: =IFERROR(__xludf.DUMMYFUNCTION("LET( t, LOWER(TRIM(G4)), IFS( REGEXMATCH(t,""phật giáo hòa hảo""), 3, REGEXMATCH(t,""công giáo""), 1, REGEXMATCH(t,""phật giáo""), 2, REGEXMATCH(t,""hồi giáo""), 4, REGEXMATCH(t,""cao đài|cao dai""), 5, REGEXMATCH(t,""bà la môn"&"|ba la mon""), 6, REGEXMATCH(t,""^kinh$""), 7, REGEXMATCH(t,""không tôn giáo|^(không|khong)$|^không có$|^khong co$|^không$|^không\s+$""), 0, TRUE, """" ) )"),2.0) -> 2 | I4: Thuê trọ | J4: =IFERROR(__xludf.DUMMYFUNCTION("LET( text, LOWER(I4), IFERROR( IFS( REGEXMATCH(text,""ở cùng gia đình|ở trọ cùng gia đình""), 0, REGEXMATCH(text,""thuê trọ""), 1, REGEXMATCH(text,""ở ktx""), 2, REGEXMATCH(text,""có nhà tại khu vực đang học|có nhà|ở riêng "&"tại chung cư""), 3, REGEXMATCH(text,""ở nhà người quen""), 4 ), -1) )"),1.0) -> 1 | K4: Giỏi | L4: =IFERROR(__xludf.DUMMYFUNCTION("LET( t, LOWER(TRIM(K4)), IFERROR( IFS( REGEXMATCH(t,""xuất\s*sắc""), 0, REGEXMATCH(t,""^giỏi$""), 1, REGEXMATCH(t,""^khá$""), 2, REGEXMATCH(t,""trung bình|bình thường|^4$""), 3, REGEXMATCH(t,""rớt""), 4, REGEXMA"&"TCH(t,""năm nhất|tân sinh viên|mới|chưa|không|sắp thi|chuẩn bị thi|kq|kết quả|chưa có|chưa biết""), 5, TRUE, 5 ), 5) )"),1.0) -> 1 | M4: Tự chọn | N4: =IFERROR(__xludf.DUMMYFUNCTION("LET( t, LOWER(TRIM(M4)), IFERROR( IFS( REGEXMATCH(t,""ko biết|không biết|hơm bt|hôm bt|khum biết|chưa biết|không rõ|câu không rõ""), 3, REGEXMATCH(t,""50/50|bình thường|phân vân|lúc này lúc kia|fomo|đuối|hơi đuối|hơi không chắc""), 1,"&" REGEXMATCH(t,""không hợp|không phù hợp|hối hận|bất đắc dĩ|bất đắt dĩ|do không còn lựa chọn|không còn đam mê|mất đam mê|học không nổi""), 0, REGEXMATCH(t,""^có$|^có\b""), 0, REGEXMATCH(t,""^không$|^không\s|^không\.$|^không!$|^không,$|^"&"không\?$|phù hợp|siêu hợp|cảm thấy phù hợp|phù hợp rồi|ổn|ước mơ|tự chọn|năng lực|suy nghĩ""), 2, TRUE, 3 ), 3) )"),2.0) -> 2 | O4: Có | P4: =if(O4="Có", 1, 0) -> 1 | Q4: 1 | R4: =Q4 -> 1 | S4: Nhân viên phục vụ, bán hàng | U4: <=25h/ tuần | V4: =IFERROR(__xludf.DUMMYFUNCTION("IFERROR(REGEXEXTRACT(U4,""\d+"")*1, """")"),25.0) -> 25 | W4: =if(V4<>"", V4, 0) -> 25 | X4: 10 | Y4: 0 | Z4: Có một chút | AB4: Không | AC4: Không | AD4: Rất lo lắng | AE4: Nhiều | AF4: Có chút áp lực | AG4: Ảnh hưởng nhiều | AH4: Có chút ảnh hưởng | AI4: Thỉnh thoảng (vài lần) | AJ4: =LET( txt,LOWER(TRIM(SUBSTITUTE(AI4,CHAR(160)," "))), IFS( txt="không bao giờ",0, txt="hiếm khi (1–2 lần)",1, txt="thỉnh thoảng (vài lần)",2, txt="thường xuyên (thường xuyên trong vài tháng)",3, txt="luôn/rất thường xuyên",4, TRUE,"" ) ) -> 2 | AK4: Ảnh hưởng nhiều | AL4: =LET( txt,LOWER(TRIM(SUBSTITUTE(AK4,CHAR(160)," "))), IFS( OR( ISNUMBER(SEARCH("không có trải nghiệm",txt)), ISNUMBER(SEARCH("chưa từng",txt)) ),-1, txt="không ảnh hưởng",0, ISNUMBER(SEARCH("có chút",txt)),1, AND(ISNUMBER(SEARCH("ảnh hưởng",txt)),ISNUMBER(SEARCH("rất",txt))),3, ISNUMBER(SEARCH("ảnh hưởng nhiều",txt)),2, TRUE,"" ) ) -> 2 | AM4: Có người yêu | AN4: =LET( txt,LOWER(TRIM(AM4)), IFS( OR( txt="độc thân", txt="chưa có ny", txt="không có người yêu !!!!", txt="ế", txt="không có bồ", txt="không có", txt=".", txt="không có người yêu", txt="chưa yêu ai", txt="dạ chưa có mối tình đầu luôn ạ", txt="ko có người yêu", txt="đang kiếm phú bà nào đó ok ok", txt="án treo", txt="không", txt="ế quắt", txt="hiện tại không ai yêu và không quan tâm đến tình yêu", txt="0" ),0, txt="đã kết hôn",3, txt="trong mối quan hệ mập mờ",2, txt="có người yêu",1, TRUE,0 ) ) -> 1 | AP4: 4 | AQ4: 4 | AR4: 4 | AS4: 4 | AT4: 4 | AU4: 4 | AV4: 4 | AW4: 4 | AX4: 4 | AY4: =sum(AP4:AX4) -> 36 | AZ4: =AY4-9 -> 27 | BA4: =if(AZ4 >= 10 ,1,0) -> 1 | BB4: =if(AZ4 >= 14 ,1,0) -> 1 | BC4: 4 | BD4: 4 | BE4: 4 | BF4: 4 | BG4: 4 | BH4: 4 | BI4: 4 | BJ4: =sum(BC4:BI4) -> 28 | BK4: =BJ4-7 -> 21 | BN4: 3 | BO4: Không | BP4: =if(BO4="Không",0,1) -> 0 | BQ4: 3 | BR4: 0 | BS4: Không | BT4: =if(BS4="Không",0,1) -> 0 | BV4: 3 | BW4: Có | BX4: Cha mẹ | BY4: Có | BZ4: Có một chút | CA4: =LET( txt,LOWER(TRIM(SUBSTITUTE(BZ4,CHAR(160)," "))), IFS( ISNUMBER(SEARCH("không",txt)),0, ISNUMBER(SEARCH("có một chút",txt)),1, ISNUMBER(SEARCH("thường xuyên",txt)),2, TRUE,"" ) ) -> 1 | CB4: Có một chút | CC4: =LET( txt,LOWER(TRIM(SUBSTITUTE(CB4,CHAR(160)," "))), IFS( ISNUMBER(SEARCH("không",txt)),0, ISNUMBER(SEARCH("có một chút",txt)),1, ISNUMBER(SEARCH("thường xuyên",txt)),2, TRUE,"" ) ) -> 1 | CD4: Thỉnh thoảng | CE4: =LET( txt,LOWER(TRIM(SUBSTITUTE(CD4,CHAR(160)," "))), IFS( ISNUMBER(SEARCH("hiếm khi",txt)),0, ISNUMBER(SEARCH("thỉnh thoảng",txt)),1, ISNUMBER(SEARCH("thường xuyên",txt)),2, TRUE,"" ) ) -> 1 | CF4: Thỉnh thoảng | CG4: =LET( txt,LOWER(TRIM(SUBSTITUTE(CF4,CHAR(160)," "))), IFS( ISNUMBER(SEARCH("hiếm khi",txt)),0, ISNUMBER(SEARCH("thỉnh thoảng",txt)),1, ISNUMBER(SEARCH("thường xuyên",txt)),2, TRUE,"" ) ) -> 1 | CH4: Thỉnh thoảng | CI4: =LET( txt,LOWER(TRIM(SUBSTITUTE(CH4,CHAR(160)," "))), IFS( ISNUMBER(SEARCH("hiếm khi",txt)),0, ISNUMBER(SEARCH("thỉnh thoảng",txt)),1, ISNUMBER(SEARCH("thường xuyên",txt)),2, TRUE,"" ) ) -> 1 | CJ4: TikTok | CK4: Phân biệt đối xử dựa trên bản dạng xã hội, Sức khỏe thể chất, tinh thần, tình dục hoặc các hình thức khác, Các vấn đề liên quan đến tâm linh, tôn giáo hoặc văn hóa, Các chủ đề về môi trường | CL4: 31-60 phút mỗi ngày | CM4: =IFS( ISNUMBER(SEARCH("10-30",CL4)),0.33, ISNUMBER(SEARCH("31-60",CL4)),0.75, ISNUMBER(SEARCH("1-2",CL4)),1.5, ISNUMBER(SEARCH("3-4",CL4)),3.5, ISNUMBER(SEARCH("Hơn 5",CL4)),6, ISNUMBER(SEARCH("9 giờ",CL4)),9, ISNUMBER(SEARCH("18",CL4)),18, ISNUMBER(SEARCH("Không có",CL4)),0, ISNUMBER(SEARCH("Cả ngày",CL4)),18, ISNUMBER(SEARCH("Mọi lúc",CL4)),18, ISNUMBER(SEARCH("Hàng giờ",CL4)),12, ISNUMBER(SEARCH("không cố định",LOWER(CL4))),NA(), ISNUMBER(SEARCH("không theo",LOWER(CL4))),NA(), ISNUMBER(SEARCH("tranh thủ",LOWER(CL4))),NA(), ISNUMBER(SEARCH("tùy",LOWER(CL4))),NA(), ISNUMBER(SEARCH("sau 10h",LOWER(CL4))),2, TRUE,NA() ) -> 0.75 | CN4: Có thỉnh thoảng | CO4: =if(CN4="Không", 0, if(CN4="Nhiều", 2, 1)) -> 1 | CP4: Không | CQ4: Không | CR4: Không | CS4: Không | CT4: Không | CU4: =if(CP4="Không",0,1) -> 0 | CV4: =if(CQ4="Không",0,1) -> 0 | CW4: =if(CR4="Không",0,1) -> 0 | CX4: =if(CS4="Không",0,1) -> 0 | CY4: =if(CT4="Không",0,1) -> 0 | CZ4: Không | DA4: =if(CZ4="Không",0,1) -> 0 | DB4: Không | DC4: =if(DB4="Không",0,1) -> 0 | DE4: Có | DF4: =if(DE4="Có", 1, 0) -> 1 | DG4: Không có | DH4: =if(DG4="Không có", 0, 1) -> 0 | DI4: Không | DJ4: =if(DI4="Không", 0, 1) -> 0 | DK4: Không, không bao giờ | DL4: =IFS( ISNUMBER(SEARCH("không",LOWER(DK4))),0, ISNUMBER(SEARCH("chưa",LOWER(DK4))),0, ISNUMBER(SEARCH("cả hai",LOWER(DK4))),3, AND(ISNUMBER(SEARCH("trước",LOWER(DK4))),ISNUMBER(SEARCH("đại học",LOWER(DK4)))),1, AND(ISNUMBER(SEARCH("kể từ khi",LOWER(DK4))),ISNUMBER(SEARCH("đại học",LOWER(DK4)))),2, ISNUMBER(SEARCH("thuốc",LOWER(DK4))),2, ISNUMBER(SEARCH("bác sĩ",LOWER(DK4))),2, TRUE,NA() ) -> 0 | DM4: 2-3 giờ | DN4: =LET( x,LOWER(TRIM(DM4)), IF(OR(x="không",x="0",x="hồi đó giờ ko chơi",x="hồi đó giờ không chơi"),0, IF(ISNUMBER(SEARCH("dưới 1",x)),0.5, IF(ISNUMBER(SEARCH("5 giờ trở lên",x)),5, IF(ISNUMBER(SEARCH("mỗi ngày",x)), IF(ISNUMBER(SEARCH("mỗi ngày ",x)), VALUE(MID(x,SEARCH("mỗi ngày ",x)+9,SEARCH(" giờ",x)-SEARCH("mỗi ngày ",x)-9))*7, VALUE(LEFT(x,SEARCH(" giờ",x)-1))*7 ), IF(ISNUMBER(SEARCH("-",x)), (VALUE(LEFT(x,SEARCH("-",x)-1))+VALUE(MID(x,SEARCH("-",x)+1,SEARCH(" giờ",x)-SEARCH("-",x)-1)))/2, IF(ISNUMBER(SEARCH(" giờ",x)), VALUE(LEFT(x,SEARCH(" giờ",x)-1)), "")))))) ) -> 2.5 | DO4: Chạy bộ, Đi bộ, Võ | DP4: Không | DQ4: =IF(DP4 = "Không", 0, 1) -> 0 | DS4: Không | DU4: Không
A5: 46003.626 | B5: Bà Rịa-Vũng Tàu | C5: Nam | D5: =if(C5="Nam", 0, 1) -> 0 | E5: bình thường | F5: =IFERROR(__xludf.DUMMYFUNCTION("LET( t, LOWER(TRIM(E5)), IFS( REGEXMATCH(t,""chuyển giới|transgender""), 6, REGEXMATCH(t,""vô tính|asexual|nam nữ.*không có nhu cầu""), 4, REGEXMATCH(t,""toàn tính|pansexual""), 5, REGEXMATCH(t,""song tính|bisexual|biromantic""), 1, "&" AND(REGEXMATCH(t,""đồng tính nam|\bgay\b""), NOT(REGEXMATCH(t,""not gay|không gay|ko gay""))), 2, REGEXMATCH(t,""đồng tính nữ|\blesbian\b|em thích nữ|thích nữ|mê nữ|sapphic""), 3, REGEXMATCH(t,""^\.$|^(không|ko|k|no)$|^(không có|ko có)$""), 8, "&" REGEXMATCH(t,""không biết|chưa rõ|chưa xác định|ko hiểu|huh|strange|\?{3,}|hong có.*không biết|vn chỉ có nam và nữ""), 7, REGEXMATCH(t,""dị tính|heterosexual|thẳng|straight|khác giới|thích khác giới|trai gái|quan hệ trai gái|nam\s*-\s*nữ|nam\s*nữ|b"&"ình thường|normal|\bbth\b|\bbinh thuong\b|giới tính bình thường|xu hướng tính dục bth""), 0, TRUE, 7 ) )"),0.0) -> 0 | G5: Phật giáo | H5: =IFERROR(__xludf.DUMMYFUNCTION("LET( t, LOWER(TRIM(G5)), IFS( REGEXMATCH(t,""phật giáo hòa hảo""), 3, REGEXMATCH(t,""công giáo""), 1, REGEXMATCH(t,""phật giáo""), 2, REGEXMATCH(t,""hồi giáo""), 4, REGEXMATCH(t,""cao đài|cao dai""), 5, REGEXMATCH(t,""bà la môn"&"|ba la mon""), 6, REGEXMATCH(t,""^kinh$""), 7, REGEXMATCH(t,""không tôn giáo|^(không|khong)$|^không có$|^khong co$|^không$|^không\s+$""), 0, TRUE, """" ) )"),2.0) -> 2 | I5: Thuê trọ | J5: =IFERROR(__xludf.DUMMYFUNCTION("LET( text, LOWER(I5), IFERROR( IFS( REGEXMATCH(text,""ở cùng gia đình|ở trọ cùng gia đình""), 0, REGEXMATCH(text,""thuê trọ""), 1, REGEXMATCH(text,""ở ktx""), 2, REGEXMATCH(text,""có nhà tại khu vực đang học|có nhà|ở riêng "&"tại chung cư""), 3, REGEXMATCH(text,""ở nhà người quen""), 4 ), -1) )"),1.0) -> 1 | K5: Trung bình | L5: =IFERROR(__xludf.DUMMYFUNCTION("LET( t, LOWER(TRIM(K5)), IFERROR( IFS( REGEXMATCH(t,""xuất\s*sắc""), 0, REGEXMATCH(t,""^giỏi$""), 1, REGEXMATCH(t,""^khá$""), 2, REGEXMATCH(t,""trung bình|bình thường|^4$""), 3, REGEXMATCH(t,""rớt""), 4, REGEXMA"&"TCH(t,""năm nhất|tân sinh viên|mới|chưa|không|sắp thi|chuẩn bị thi|kq|kết quả|chưa có|chưa biết""), 5, TRUE, 5 ), 5) )"),3.0) -> 3 | M5: Tự chọn | N5: =IFERROR(__xludf.DUMMYFUNCTION("LET( t, LOWER(TRIM(M5)), IFERROR( IFS( REGEXMATCH(t,""ko biết|không biết|hơm bt|hôm bt|khum biết|chưa biết|không rõ|câu không rõ""), 3, REGEXMATCH(t,""50/50|bình thường|phân vân|lúc này lúc kia|fomo|đuối|hơi đuối|hơi không chắc""), 1,"&" REGEXMATCH(t,""không hợp|không phù hợp|hối hận|bất đắc dĩ|bất đắt dĩ|do không còn lựa chọn|không còn đam mê|mất đam mê|học không nổi""), 0, REGEXMATCH(t,""^có$|^có\b""), 0, REGEXMATCH(t,""^không$|^không\s|^không\.$|^không!$|^không,$|^"&"không\?$|phù hợp|siêu hợp|cảm thấy phù hợp|phù hợp rồi|ổn|ước mơ|tự chọn|năng lực|suy nghĩ""), 2, TRUE, 3 ), 3) )"),2.0) -> 2 | O5: Có | P5: =if(O5="Có", 1, 0) -> 1 | Q5: 2 | R5: =Q5 -> 2 | S5: Nhân viên phục vụ, bán hàng | U5: <=40h/ tuần | V5: =IFERROR(__xludf.DUMMYFUNCTION("IFERROR(REGEXEXTRACT(U5,""\d+"")*1, """")"),40.0) -> 40 | W5: =if(V5<>"", V5, 0) -> 40 | X5: 0.7 | Y5: 0.5 | Z5: Không | AB5: Không | AC5: Không | AD5: Có một chút | AE5: Không | AF5: Không áp lực | AG5: Không ảnh hưởng | AH5: Không ảnh hưởng | AI5: Không bao giờ | AJ5: =LET( txt,LOWER(TRIM(SUBSTITUTE(AI5,CHAR(160)," "))), IFS( txt="không bao giờ",0, txt="hiếm khi (1–2 lần)",1, txt="thỉnh thoảng (vài lần)",2, txt="thường xuyên (thường xuyên trong vài tháng)",3, txt="luôn/rất thường xuyên",4, TRUE,"" ) ) -> 0 | AK5: Không ảnh hưởng | AL5: =LET( txt,LOWER(TRIM(SUBSTITUTE(AK5,CHAR(160)," "))), IFS( OR( ISNUMBER(SEARCH("không có trải nghiệm",txt)), ISNUMBER(SEARCH("chưa từng",txt)) ),-1, txt="không ảnh hưởng",0, ISNUMBER(SEARCH("có chút",txt)),1, AND(ISNUMBER(SEARCH("ảnh hưởng",txt)),ISNUMBER(SEARCH("rất",txt))),3, ISNUMBER(SEARCH("ảnh hưởng nhiều",txt)),2, TRUE,"" ) ) -> 0 | AM5: Độc thân | AN5: =LET( txt,LOWER(TRIM(AM5)), IFS( OR( txt="độc thân", txt="chưa có ny", txt="không có người yêu !!!!", txt="ế", txt="không có bồ", txt="không có", txt=".", txt="không có người yêu", txt="chưa yêu ai", txt="dạ chưa có mối tình đầu luôn ạ", txt="ko có người yêu", txt="đang kiếm phú bà nào đó ok ok", txt="án treo", txt="không", txt="ế quắt", txt="hiện tại không ai yêu và không quan tâm đến tình yêu", txt="0" ),0, txt="đã kết hôn",3, txt="trong mối quan hệ mập mờ",2, txt="có người yêu",1, TRUE,0 ) ) -> 0 | AP5: 1 | AQ5: 1 | AR5: 1 | AS5: 1 | AT5: 1 | AU5: 1 | AV5: 1 | AW5: 1 | AX5: 1 | AY5: =sum(AP5:AX5) -> 9 | AZ5: =AY5-9 -> 0 | BA5: =if(AZ5 >= 10 ,1,0) -> 0 | BB5: =if(AZ5 >= 14 ,1,0) -> 0 | BC5: 1 | BD5: 1 | BE5: 1 | BF5: 1 | BG5: 1 | BH5: 1 | BI5: 1 | BJ5: =sum(BC5:BI5) -> 7 | BK5: =BJ5-7 -> 0 | BN5: 1 | BO5: Không | BP5: =if(BO5="Không",0,1) -> 0 | BQ5: 1 | BR5: 0 | BS5: Không | BT5: =if(BS5="Không",0,1) -> 0 | BV5: 5 | BW5: Không | BX5: Cha mẹ | BY5: Có | BZ5: Không | CA5: =LET( txt,LOWER(TRIM(SUBSTITUTE(BZ5,CHAR(160)," "))), IFS( ISNUMBER(SEARCH("không",txt)),0, ISNUMBER(SEARCH("có một chút",txt)),1, ISNUMBER(SEARCH("thường xuyên",txt)),2, TRUE,"" ) ) -> 0 | CB5: Không | CC5: =LET( txt,LOWER(TRIM(SUBSTITUTE(CB5,CHAR(160)," "))), IFS( ISNUMBER(SEARCH("không",txt)),0, ISNUMBER(SEARCH("có một chút",txt)),1, ISNUMBER(SEARCH("thường xuyên",txt)),2, TRUE,"" ) ) -> 0 | CD5: Hiếm khi | CE5: =LET( txt,LOWER(TRIM(SUBSTITUTE(CD5,CHAR(160)," "))), IFS( ISNUMBER(SEARCH("hiếm khi",txt)),0, ISNUMBER(SEARCH("thỉnh thoảng",txt)),1, ISNUMBER(SEARCH("thường xuyên",txt)),2, TRUE,"" ) ) -> 0 | CF5: Hiếm khi | CG5: =LET( txt,LOWER(TRIM(SUBSTITUTE(CF5,CHAR(160)," "))), IFS( ISNUMBER(SEARCH("hiếm khi",txt)),0, ISNUMBER(SEARCH("thỉnh thoảng",txt)),1, ISNUMBER(SEARCH("thường xuyên",txt)),2, TRUE,"" ) ) -> 0 | CH5: Hiếm khi | CI5: =LET( txt,LOWER(TRIM(SUBSTITUTE(CH5,CHAR(160)," "))), IFS( ISNUMBER(SEARCH("hiếm khi",txt)),0, ISNUMBER(SEARCH("thỉnh thoảng",txt)),1, ISNUMBER(SEARCH("thường xuyên",txt)),2, TRUE,"" ) ) -> 0 | CJ5: Game | CK5: Phân biệt đối xử dựa trên bản dạng xã hội, Sức khỏe thể chất, tinh thần, tình dục hoặc các hình thức khác, Các vấn đề liên quan đến tâm linh, tôn giáo hoặc văn hóa, Các chủ đề về môi trường, Các chủ đề chính trị, Bạo lực tình dục, Các chủ đề liên quan đến bạo lực khác | CL5: 1-2 giờ mỗi ngày | CM5: =IFS( ISNUMBER(SEARCH("10-30",CL5)),0.33, ISNUMBER(SEARCH("31-60",CL5)),0.75, ISNUMBER(SEARCH("1-2",CL5)),1.5, ISNUMBER(SEARCH("3-4",CL5)),3.5, ISNUMBER(SEARCH("Hơn 5",CL5)),6, ISNUMBER(SEARCH("9 giờ",CL5)),9, ISNUMBER(SEARCH("18",CL5)),18, ISNUMBER(SEARCH("Không có",CL5)),0, ISNUMBER(SEARCH("Cả ngày",CL5)),18, ISNUMBER(SEARCH("Mọi lúc",CL5)),18, ISNUMBER(SEARCH("Hàng giờ",CL5)),12, ISNUMBER(SEARCH("không cố định",LOWER(CL5))),NA(), ISNUMBER(SEARCH("không theo",LOWER(CL5))),NA(), ISNUMBER(SEARCH("tranh thủ",LOWER(CL5))),NA(), ISNUMBER(SEARCH("tùy",LOWER(CL5))),NA(), ISNUMBER(SEARCH("sau 10h",LOWER(CL5))),2, TRUE,NA() ) -> 1.5 | CN5: Không | CO5: =if(CN5="Không", 0, if(CN5="Nhiều", 2, 1)) -> 0 | CP5: Không | CQ5: Không | CR5: Không | CS5: Không | CT5: Không | CU5: =if(CP5="Không",0,1) -> 0 | CV5: =if(CQ5="Không",0,1) -> 0 | CW5: =if(CR5="Không",0,1) -> 0 | CX5: =if(CS5="Không",0,1) -> 0 | CY5: =if(CT5="Không",0,1) -> 0 | CZ5: Không | DA5: =if(CZ5="Không",0,1) -> 0 | DB5: Không | DC5: =if(DB5="Không",0,1) -> 0 | DE5: Có | DF5: =if(DE5="Có", 1, 0) -> 1 | DG5: Không có | DH5: =if(DG5="Không có", 0, 1) -> 0 | DI5: Không | DJ5: =if(DI5="Không", 0, 1) -> 0 | DK5: Không, không bao giờ | DL5: =IFS( ISNUMBER(SEARCH("không",LOWER(DK5))),0, ISNUMBER(SEARCH("chưa",LOWER(DK5))),0, ISNUMBER(SEARCH("cả hai",LOWER(DK5))),3, AND(ISNUMBER(SEARCH("trước",LOWER(DK5))),ISNUMBER(SEARCH("đại học",LOWER(DK5)))),1, AND(ISNUMBER(SEARCH("kể từ khi",LOWER(DK5))),ISNUMBER(SEARCH("đại học",LOWER(DK5)))),2, ISNUMBER(SEARCH("thuốc",LOWER(DK5))),2, ISNUMBER(SEARCH("bác sĩ",LOWER(DK5))),2, TRUE,NA() ) -> 0 | DM5: 1-2 giờ | DN5: =LET( x,LOWER(TRIM(DM5)), IF(OR(x="không",x="0",x="hồi đó giờ ko chơi",x="hồi đó giờ không chơi"),0, IF(ISNUMBER(SEARCH("dưới 1",x)),0.5, IF(ISNUMBER(SEARCH("5 giờ trở lên",x)),5, IF(ISNUMBER(SEARCH("mỗi ngày",x)), IF(ISNUMBER(SEARCH("mỗi ngày ",x)), VALUE(MID(x,SEARCH("mỗi ngày ",x)+9,SEARCH(" giờ",x)-SEARCH("mỗi ngày ",x)-9))*7, VALUE(LEFT(x,SEARCH(" giờ",x)-1))*7 ), IF(ISNUMBER(SEARCH("-",x)), (VALUE(LEFT(x,SEARCH("-",x)-1))+VALUE(MID(x,SEARCH("-",x)+1,SEARCH(" giờ",x)-SEARCH("-",x)-1)))/2, IF(ISNUMBER(SEARCH(" giờ",x)), VALUE(LEFT(x,SEARCH(" giờ",x)-1)), "")))))) ) -> 1.5 | DO5: Chạy bộ, Đi bộ, Bơi lội | DP5: Không | DQ5: =IF(DP5 = "Không", 0, 1) -> 0 | DS5: Không | DU5: Không
A6: 46003.627 | B6: Lâm Đồng | C6: Nam | D6: =if(C6="Nam", 0, 1) -> 0 | E6: Trai thẳng 100% | F6: =IFERROR(__xludf.DUMMYFUNCTION("LET( t, LOWER(TRIM(E6)), IFS( REGEXMATCH(t,""chuyển giới|transgender""), 6, REGEXMATCH(t,""vô tính|asexual|nam nữ.*không có nhu cầu""), 4, REGEXMATCH(t,""toàn tính|pansexual""), 5, REGEXMATCH(t,""song tính|bisexual|biromantic""), 1, "&" AND(REGEXMATCH(t,""đồng tính nam|\bgay\b""), NOT(REGEXMATCH(t,""not gay|không gay|ko gay""))), 2, REGEXMATCH(t,""đồng tính nữ|\blesbian\b|em thích nữ|thích nữ|mê nữ|sapphic""), 3, REGEXMATCH(t,""^\.$|^(không|ko|k|no)$|^(không có|ko có)$""), 8, "&" REGEXMATCH(t,""không biết|chưa rõ|chưa xác định|ko hiểu|huh|strange|\?{3,}|hong có.*không biết|vn chỉ có nam và nữ""), 7, REGEXMATCH(t,""dị tính|heterosexual|thẳng|straight|khác giới|thích khác giới|trai gái|quan hệ trai gái|nam\s*-\s*nữ|nam\s*nữ|b"&"ình thường|normal|\bbth\b|\bbinh thuong\b|giới tính bình thường|xu hướng tính dục bth""), 0, TRUE, 7 ) )"),0.0) -> 0 | G6: Công giáo | H6: =IFERROR(__xludf.DUMMYFUNCTION("LET( t, LOWER(TRIM(G6)), IFS( REGEXMATCH(t,""phật giáo hòa hảo""), 3, REGEXMATCH(t,""công giáo""), 1, REGEXMATCH(t,""phật giáo""), 2, REGEXMATCH(t,""hồi giáo""), 4, REGEXMATCH(t,""cao đài|cao dai""), 5, REGEXMATCH(t,""bà la môn"&"|ba la mon""), 6, REGEXMATCH(t,""^kinh$""), 7, REGEXMATCH(t,""không tôn giáo|^(không|khong)$|^không có$|^khong co$|^không$|^không\s+$""), 0, TRUE, """" ) )"),1.0) -> 1 | I6: Thuê trọ | J6: =IFERROR(__xludf.DUMMYFUNCTION("LET( text, LOWER(I6), IFERROR( IFS( REGEXMATCH(text,""ở cùng gia đình|ở trọ cùng gia đình""), 0, REGEXMATCH(text,""thuê trọ""), 1, REGEXMATCH(text,""ở ktx""), 2, REGEXMATCH(text,""có nhà tại khu vực đang học|có nhà|ở riêng "&"tại chung cư""), 3, REGEXMATCH(text,""ở nhà người quen""), 4 ), -1) )"),1.0) -> 1 | K6: Trung bình | L6: =IFERROR(__xludf.DUMMYFUNCTION("LET( t, LOWER(TRIM(K6)), IFERROR( IFS( REGEXMATCH(t,""xuất\s*sắc""), 0, REGEXMATCH(t,""^giỏi$""), 1, REGEXMATCH(t,""^khá$""), 2, REGEXMATCH(t,""trung bình|bình thường|^4$""), 3, REGEXMATCH(t,""rớt""), 4, REGEXMA"&"TCH(t,""năm nhất|tân sinh viên|mới|chưa|không|sắp thi|chuẩn bị thi|kq|kết quả|chưa có|chưa biết""), 5, TRUE, 5 ), 5) )"),3.0) -> 3 | M6: Do xu hướng thị trường | N6: =IFERROR(__xludf.DUMMYFUNCTION("LET( t, LOWER(TRIM(M6)), IFERROR( IFS( REGEXMATCH(t,""ko biết|không biết|hơm bt|hôm bt|khum biết|chưa biết|không rõ|câu không rõ""), 3, REGEXMATCH(t,""50/50|bình thường|phân vân|lúc này lúc kia|fomo|đuối|hơi đuối|hơi không chắc""), 1,"&" REGEXMATCH(t,""không hợp|không phù hợp|hối hận|bất đắc dĩ|bất đắt dĩ|do không còn lựa chọn|không còn đam mê|mất đam mê|học không nổi""), 0, REGEXMATCH(t,""^có$|^có\b""), 0, REGEXMATCH(t,""^không$|^không\s|^không\.$|^không!$|^không,$|^"&"không\?$|phù hợp|siêu hợp|cảm thấy phù hợp|phù hợp rồi|ổn|ước mơ|tự chọn|năng lực|suy nghĩ""), 2, TRUE, 3 ), 3) )"),3.0) -> 3 | O6: Không | P6: =if(O6="Có", 1, 0) -> 0 | R6: =Q6 | V6: =IFERROR(__xludf.DUMMYFUNCTION("IFERROR(REGEXEXTRACT(U6,""\d+"")*1, """")"),"") | W6: =if(V6<>"", V6, 0) -> 0 | Z6: Có một chút | AB6: Không | AC6: Không | AD6: Rất lo lắng | AE6: Không | AF6: Áp lực nhiều | AG6: Có chút ảnh hưởng | AH6: Có chút ảnh hưởng | AI6: Không bao giờ | AJ6: =LET( txt,LOWER(TRIM(SUBSTITUTE(AI6,CHAR(160)," "))), IFS( txt="không bao giờ",0, txt="hiếm khi (1–2 lần)",1, txt="thỉnh thoảng (vài lần)",2, txt="thường xuyên (thường xuyên trong vài tháng)",3, txt="luôn/rất thường xuyên",4, TRUE,"" ) ) -> 0 | AK6: Không ảnh hưởng | AL6: =LET( txt,LOWER(TRIM(SUBSTITUTE(AK6,CHAR(160)," "))), IFS( OR( ISNUMBER(SEARCH("không có trải nghiệm",txt)), ISNUMBER(SEARCH("chưa từng",txt)) ),-1, txt="không ảnh hưởng",0, ISNUMBER(SEARCH("có chút",txt)),1, AND(ISNUMBER(SEARCH("ảnh hưởng",txt)),ISNUMBER(SEARCH("rất",txt))),3, ISNUMBER(SEARCH("ảnh hưởng nhiều",txt)),2, TRUE,"" ) ) -> 0 | AM6: Có người yêu | AN6: =LET( txt,LOWER(TRIM(AM6)), IFS( OR( txt="độc thân", txt="chưa có ny", txt="không có người yêu !!!!", txt="ế", txt="không có bồ", txt="không có", txt=".", txt="không có người yêu", txt="chưa yêu ai", txt="dạ chưa có mối tình đầu luôn ạ", txt="ko có người yêu", txt="đang kiếm phú bà nào đó ok ok", txt="án treo", txt="không", txt="ế quắt", txt="hiện tại không ai yêu và không quan tâm đến tình yêu", txt="0" ),0, txt="đã kết hôn",3, txt="trong mối quan hệ mập mờ",2, txt="có người yêu",1, TRUE,0 ) ) -> 1 | AP6: 3 | AQ6: 3 | AR6: 2 | AS6: 3 | AT6: 3 | AU6: 2 | AV6: 2 | AW6: 1 | AX6: 1 | AY6: =sum(AP6:AX6) -> 20 | AZ6: =AY6-9 -> 11 | BA6: =if(AZ6 >= 10 ,1,0) -> 1 | BB6: =if(AZ6 >= 14 ,1,0) -> 0 | BC6: 3 | BD6: 4 | BE6: 4 | BF6: 1 | BG6: 2 | BH6: 1 | BI6: 1 | BJ6: =sum(BC6:BI6) -> 16 | BK6: =BJ6-7 -> 9 | BN6: 1 | BO6: Có | BP6: =if(BO6="Không",0,1) -> 1 | BQ6: 1 | BR6: 36 | BS6: Có | BT6: =if(BS6="Không",0,1) -> 1 | BU6: Mạng xã hội | BV6: 3 | BW6: Có | BX6: Cha mẹ | BY6: Không | BZ6: Thường xuyên | CA6: =LET( txt,LOWER(TRIM(SUBSTITUTE(BZ6,CHAR(160)," "))), IFS( ISNUMBER(SEARCH("không",txt)),0, ISNUMBER(SEARCH("có một chút",txt)),1, ISNUMBER(SEARCH("thường xuyên",txt)),2, TRUE,"" ) ) -> 2 | CB6: Thường xuyên | CC6: =LET( txt,LOWER(TRIM(SUBSTITUTE(CB6,CHAR(160)," "))), IFS( ISNUMBER(SEARCH("không",txt)),0, ISNUMBER(SEARCH("có một chút",txt)),1, ISNUMBER(SEARCH("thường xuyên",txt)),2, TRUE,"" ) ) -> 2 | CD6: Thỉnh thoảng | CE6: =LET( txt,LOWER(TRIM(SUBSTITUTE(CD6,CHAR(160)," "))), IFS( ISNUMBER(SEARCH("hiếm khi",txt)),0, ISNUMBER(SEARCH("thỉnh thoảng",txt)),1, ISNUMBER(SEARCH("thường xuyên",txt)),2, TRUE,"" ) ) -> 1 | CF6: Thỉnh thoảng | CG6: =LET( txt,LOWER(TRIM(SUBSTITUTE(CF6,CHAR(160)," "))), IFS( ISNUMBER(SEARCH("hiếm khi",txt)),0, ISNUMBER(SEARCH("thỉnh thoảng",txt)),1, ISNUMBER(SEARCH("thường xuyên",txt)),2, TRUE,"" ) ) -> 1 | CH6: Thỉnh thoảng | CI6: =LET( txt,LOWER(TRIM(SUBSTITUTE(CH6,CHAR(160)," "))), IFS( ISNUMBER(SEARCH("hiếm khi",txt)),0, ISNUMBER(SEARCH("thỉnh thoảng",txt)),1, ISNUMBER(SEARCH("thường xuyên",txt)),2, TRUE,"" ) ) -> 1 | CJ6: Game | CK6: Các chủ đề chính trị | CL6: Hơn 5 giờ mỗi ngày | CM6: =IFS( ISNUMBER(SEARCH("10-30",CL6)),0.33, ISNUMBER(SEARCH("31-60",CL6)),0.75, ISNUMBER(SEARCH("1-2",CL6)),1.5, ISNUMBER(SEARCH("3-4",CL6)),3.5, ISNUMBER(SEARCH("Hơn 5",CL6)),6, ISNUMBER(SEARCH("9 giờ",CL6)),9, ISNUMBER(SEARCH("18",CL6)),18, ISNUMBER(SEARCH("Không có",CL6)),0, ISNUMBER(SEARCH("Cả ngày",CL6)),18, ISNUMBER(SEARCH("Mọi lúc",CL6)),18, ISNUMBER(SEARCH("Hàng giờ",CL6)),12, ISNUMBER(SEARCH("không cố định",LOWER(CL6))),NA(), ISNUMBER(SEARCH("không theo",LOWER(CL6))),NA(), ISNUMBER(SEARCH("tranh thủ",LOWER(CL6))),NA(), ISNUMBER(SEARCH("tùy",LOWER(CL6))),NA(), ISNUMBER(SEARCH("sau 10h",LOWER(CL6))),2, TRUE,NA() ) -> 6 | CN6: Không | CO6: =if(CN6="Không", 0, if(CN6="Nhiều", 2, 1)) -> 0 | CP6: Không | CQ6: Không | CR6: Không | CS6: Không | CT6: Không | CU6: =if(CP6="Không",0,1) -> 0 | CV6: =if(CQ6="Không",0,1) -> 0 | CW6: =if(CR6="Không",0,1) -> 0 | CX6: =if(CS6="Không",0,1) -> 0 | CY6: =if(CT6="Không",0,1) -> 0 | CZ6: Không | DA6: =if(CZ6="Không",0,1) -> 0 | DB6: Không | DC6: =if(DB6="Không",0,1) -> 0 | DE6: Không | DF6: =if(DE6="Có", 1, 0) -> 0 | DG6: Không có | DH6: =if(DG6="Không có", 0, 1) -> 0 | DI6: Không | DJ6: =if(DI6="Không", 0, 1) -> 0 | DK6: Không, không bao giờ | DL6: =IFS( ISNUMBER(SEARCH("không",LOWER(DK6))),0, ISNUMBER(SEARCH("chưa",LOWER(DK6))),0, ISNUMBER(SEARCH("cả hai",LOWER(DK6))),3, AND(ISNUMBER(SEARCH("trước",LOWER(DK6))),ISNUMBER(SEARCH("đại học",LOWER(DK6)))),1, AND(ISNUMBER(SEARCH("kể từ khi",LOWER(DK6))),ISNUMBER(SEARCH("đại học",LOWER(DK6)))),2, ISNUMBER(SEARCH("thuốc",LOWER(DK6))),2, ISNUMBER(SEARCH("bác sĩ",LOWER(DK6))),2, TRUE,NA() ) -> 0 | DN6: =LET( x,LOWER(TRIM(DM6)), IF(OR(x="không",x="0",x="hồi đó giờ ko chơi",x="hồi đó giờ không chơi"),0, IF(ISNUMBER(SEARCH("dưới 1",x)),0.5, IF(ISNUMBER(SEARCH("5 giờ trở lên",x)),5, IF(ISNUMBER(SEARCH("mỗi ngày",x)), IF(ISNUMBER(SEARCH("mỗi ngày ",x)), VALUE(MID(x,SEARCH("mỗi ngày ",x)+9,SEARCH(" giờ",x)-SEARCH("mỗi ngày ",x)-9))*7, VALUE(LEFT(x,SEARCH(" giờ",x)-1))*7 ), IF(ISNUMBER(SEARCH("-",x)), (VALUE(LEFT(x,SEARCH("-",x)-1))+VALUE(MID(x,SEARCH("-",x)+1,SEARCH(" giờ",x)-SEARCH("-",x)-1)))/2, IF(ISNUMBER(SEARCH(" giờ",x)), VALUE(LEFT(x,SEARCH(" giờ",x)-1)), "")))))) ) | DP6: Không | DQ6: =IF(DP6 = "Không", 0, 1) -> 0 | DS6: Không | DU6: Không
A7: 46003.627 | B7: Quảng Ngãi | C7: Nam | D7: =if(C7="Nam", 0, 1) -> 0 | E7: thẳng | F7: =IFERROR(__xludf.DUMMYFUNCTION("LET( t, LOWER(TRIM(E7)), IFS( REGEXMATCH(t,""chuyển giới|transgender""), 6, REGEXMATCH(t,""vô tính|asexual|nam nữ.*không có nhu cầu""), 4, REGEXMATCH(t,""toàn tính|pansexual""), 5, REGEXMATCH(t,""song tính|bisexual|biromantic""), 1, "&" AND(REGEXMATCH(t,""đồng tính nam|\bgay\b""), NOT(REGEXMATCH(t,""not gay|không gay|ko gay""))), 2, REGEXMATCH(t,""đồng tính nữ|\blesbian\b|em thích nữ|thích nữ|mê nữ|sapphic""), 3, REGEXMATCH(t,""^\.$|^(không|ko|k|no)$|^(không có|ko có)$""), 8, "&" REGEXMATCH(t,""không biết|chưa rõ|chưa xác định|ko hiểu|huh|strange|\?{3,}|hong có.*không biết|vn chỉ có nam và nữ""), 7, REGEXMATCH(t,""dị tính|heterosexual|thẳng|straight|khác giới|thích khác giới|trai gái|quan hệ trai gái|nam\s*-\s*nữ|nam\s*nữ|b"&"ình thường|normal|\bbth\b|\bbinh thuong\b|giới tính bình thường|xu hướng tính dục bth""), 0, TRUE, 7 ) )"),0.0) -> 0 | G7: Phật giáo | H7: =IFERROR(__xludf.DUMMYFUNCTION("LET( t, LOWER(TRIM(G7)), IFS( REGEXMATCH(t,""phật giáo hòa hảo""), 3, REGEXMATCH(t,""công giáo""), 1, REGEXMATCH(t,""phật giáo""), 2, REGEXMATCH(t,""hồi giáo""), 4, REGEXMATCH(t,""cao đài|cao dai""), 5, REGEXMATCH(t,""bà la môn"&"|ba la mon""), 6, REGEXMATCH(t,""^kinh$""), 7, REGEXMATCH(t,""không tôn giáo|^(không|khong)$|^không có$|^khong co$|^không$|^không\s+$""), 0, TRUE, """" ) )"),2.0) -> 2 | I7: Thuê trọ | J7: =IFERROR(__xludf.DUMMYFUNCTION("LET( text, LOWER(I7), IFERROR( IFS( REGEXMATCH(text,""ở cùng gia đình|ở trọ cùng gia đình""), 0, REGEXMATCH(text,""thuê trọ""), 1, REGEXMATCH(text,""ở ktx""), 2, REGEXMATCH(text,""có nhà tại khu vực đang học|có nhà|ở riêng "&"tại chung cư""), 3, REGEXMATCH(text,""ở nhà người quen""), 4 ), -1) )"),1.0) -> 1 | K7: Rớt môn | L7: =IFERROR(__xludf.DUMMYFUNCTION("LET( t, LOWER(TRIM(K7)), IFERROR( IFS( REGEXMATCH(t,""xuất\s*sắc""), 0, REGEXMATCH(t,""^giỏi$""), 1, REGEXMATCH(t,""^khá$""), 2, REGEXMATCH(t,""trung bình|bình thường|^4$""), 3, REGEXMATCH(t,""rớt""), 4, REGEXMA"&"TCH(t,""năm nhất|tân sinh viên|mới|chưa|không|sắp thi|chuẩn bị thi|kq|kết quả|chưa có|chưa biết""), 5, TRUE, 5 ), 5) )"),4.0) -> 4 | M7: Do xu hướng thị trường | N7: =IFERROR(__xludf.DUMMYFUNCTION("LET( t, LOWER(TRIM(M7)), IFERROR( IFS( REGEXMATCH(t,""ko biết|không biết|hơm bt|hôm bt|khum biết|chưa biết|không rõ|câu không rõ""), 3, REGEXMATCH(t,""50/50|bình thường|phân vân|lúc này lúc kia|fomo|đuối|hơi đuối|hơi không chắc""), 1,"&" REGEXMATCH(t,""không hợp|không phù hợp|hối hận|bất đắc dĩ|bất đắt dĩ|do không còn lựa chọn|không còn đam mê|mất đam mê|học không nổi""), 0, REGEXMATCH(t,""^có$|^có\b""), 0, REGEXMATCH(t,""^không$|^không\s|^không\.$|^không!$|^không,$|^"&"không\?$|phù hợp|siêu hợp|cảm thấy phù hợp|phù hợp rồi|ổn|ước mơ|tự chọn|năng lực|suy nghĩ""), 2, TRUE, 3 ), 3) )"),3.0) -> 3 | O7: Có | P7: =if(O7="Có", 1, 0) -> 1 | Q7: 1 | R7: =Q7 -> 1 | S7: Xe ôm | U7: <=40h/ tuần | V7: =IFERROR(__xludf.DUMMYFUNCTION("IFERROR(REGEXEXTRACT(U7,""\d+"")*1, """")"),40.0) -> 40 | W7: =if(V7<>"", V7, 0) -> 40 | X7: 1000 | Y7: 15000 | Z7: Không | AB7: Không | AC7: Không | AD7: Rất lo lắng | AE7: Có một chút | AF7: Rất áp lực | AG7: Ảnh hưởng rất nhiều | AH7: Không ảnh hưởng | AI7: Không bao giờ | AJ7: =LET( txt,LOWER(TRIM(SUBSTITUTE(AI7,CHAR(160)," "))), IFS( txt="không bao giờ",0, txt="hiếm khi (1–2 lần)",1, txt="thỉnh thoảng (vài lần)",2, txt="thường xuyên (thường xuyên trong vài tháng)",3, txt="luôn/rất thường xuyên",4, TRUE,"" ) ) -> 0 | AK7: Không ảnh hưởng | AL7: =LET( txt,LOWER(TRIM(SUBSTITUTE(AK7,CHAR(160)," "))), IFS( OR( ISNUMBER(SEARCH("không có trải nghiệm",txt)), ISNUMBER(SEARCH("chưa từng",txt)) ),-1, txt="không ảnh hưởng",0, ISNUMBER(SEARCH("có chút",txt)),1, AND(ISNUMBER(SEARCH("ảnh hưởng",txt)),ISNUMBER(SEARCH("rất",txt))),3, ISNUMBER(SEARCH("ảnh hưởng nhiều",txt)),2, TRUE,"" ) ) -> 0 | AM7: Có người yêu | AN7: =LET( txt,LOWER(TRIM(AM7)), IFS( OR( txt="độc thân", txt="chưa có ny", txt="không có người yêu !!!!", txt="ế", txt="không có bồ", txt="không có", txt=".", txt="không có người yêu", txt="chưa yêu ai", txt="dạ chưa có mối tình đầu luôn ạ", txt="ko có người yêu", txt="đang kiếm phú bà nào đó ok ok", txt="án treo", txt="không", txt="ế quắt", txt="hiện tại không ai yêu và không quan tâm đến tình yêu", txt="0" ),0, txt="đã kết hôn",3, txt="trong mối quan hệ mập mờ",2, txt="có người yêu",1, TRUE,0 ) ) -> 1 | AP7: 4 | AQ7: 4 | AR7: 4 | AS7: 4 | AT7: 4 | AU7: 4 | AV7: 4 | AW7: 4 | AX7: 4 | AY7: =sum(AP7:AX7) -> 36 | AZ7: =AY7-9 -> 27 | BA7: =if(AZ7 >= 10 ,1,0) -> 1 | BB7: =if(AZ7 >= 14 ,1,0) -> 1 | BC7: 4 | BD7: 4 | BE7: 4 | BF7: 4 | BG7: 4 | BH7: 4 | BI7: 4 | BJ7: =sum(BC7:BI7) -> 28 | BK7: =BJ7-7 -> 21 | BN7: 5 | BO7: Không | BP7: =if(BO7="Không",0,1) -> 0 | BQ7: 6 | BR7: 3 | BS7: Không | BT7: =if(BS7="Không",0,1) -> 0 | BV7: 5 | BW7: Không | BX7: Tự bản thân | BY7: Không | BZ7: Không | CA7: =LET( txt,LOWER(TRIM(SUBSTITUTE(BZ7,CHAR(160)," "))), IFS( ISNUMBER(SEARCH("không",txt)),0, ISNUMBER(SEARCH("có một chút",txt)),1, ISNUMBER(SEARCH("thường xuyên",txt)),2, TRUE,"" ) ) -> 0 | CB7: Thường xuyên | CC7: =LET( txt,LOWER(TRIM(SUBSTITUTE(CB7,CHAR(160)," "))), IFS( ISNUMBER(SEARCH("không",txt)),0, ISNUMBER(SEARCH("có một chút",txt)),1, ISNUMBER(SEARCH("thường xuyên",txt)),2, TRUE,"" ) ) -> 2 | CD7: Thường xuyên | CE7: =LET( txt,LOWER(TRIM(SUBSTITUTE(CD7,CHAR(160)," "))), IFS( ISNUMBER(SEARCH("hiếm khi",txt)),0, ISNUMBER(SEARCH("thỉnh thoảng",txt)),1, ISNUMBER(SEARCH("thường xuyên",txt)),2, TRUE,"" ) ) -> 2 | CF7: Thường xuyên | CG7: =LET( txt,LOWER(TRIM(SUBSTITUTE(CF7,CHAR(160)," "))), IFS( ISNUMBER(SEARCH("hiếm khi",txt)),0, ISNUMBER(SEARCH("thỉnh thoảng",txt)),1, ISNUMBER(SEARCH("thường xuyên",txt)),2, TRUE,"" ) ) -> 2 | CH7: Thường xuyên | CI7: =LET( txt,LOWER(TRIM(SUBSTITUTE(CH7,CHAR(160)," "))), IFS( ISNUMBER(SEARCH("hiếm khi",txt)),0, ISNUMBER(SEARCH("thỉnh thoảng",txt)),1, ISNUMBER(SEARCH("thường xuyên",txt)),2, TRUE,"" ) ) -> 2 | CJ7: Game | CK7: Các chủ đề về môi trường | CL7: Không có gì cả | CM7: =IFS( ISNUMBER(SEARCH("10-30",CL7)),0.33, ISNUMBER(SEARCH("31-60",CL7)),0.75, ISNUMBER(SEARCH("1-2",CL7)),1.5, ISNUMBER(SEARCH("3-4",CL7)),3.5, ISNUMBER(SEARCH("Hơn 5",CL7)),6, ISNUMBER(SEARCH("9 giờ",CL7)),9, ISNUMBER(SEARCH("18",CL7)),18, ISNUMBER(SEARCH("Không có",CL7)),0, ISNUMBER(SEARCH("Cả ngày",CL7)),18, ISNUMBER(SEARCH("Mọi lúc",CL7)),18, ISNUMBER(SEARCH("Hàng giờ",CL7)),12, ISNUMBER(SEARCH("không cố định",LOWER(CL7))),NA(), ISNUMBER(SEARCH("không theo",LOWER(CL7))),NA(), ISNUMBER(SEARCH("tranh thủ",LOWER(CL7))),NA(), ISNUMBER(SEARCH("tùy",LOWER(CL7))),NA(), ISNUMBER(SEARCH("sau 10h",LOWER(CL7))),2, TRUE,NA() ) -> 0 | CN7: Nhiều | CO7: =if(CN7="Không", 0, if(CN7="Nhiều", 2, 1)) -> 2 | CP7: Không | CQ7: Không | CR7: Không | CS7: Không | CT7: Không | CU7: =if(CP7="Không",0,1) -> 0 | CV7: =if(CQ7="Không",0,1) -> 0 | CW7: =if(CR7="Không",0,1) -> 0 | CX7: =if(CS7="Không",0,1) -> 0 | CY7: =if(CT7="Không",0,1) -> 0 | CZ7: Không | DA7: =if(CZ7="Không",0,1) -> 0 | DB7: Không | DC7: =if(DB7="Không",0,1) -> 0 | DE7: Không | DF7: =if(DE7="Có", 1, 0) -> 0 | DG7: Bệnh tuyến giáp (ví dụ: suy giáp,cường giáp) | DH7: =if(DG7="Không có", 0, 1) -> 1 | DI7: Rối loạn ám ảnh cưỡng chế hoặc liên quan (ví dụ: rối loạn ám ảnh cưỡng chế, rối loạn ngoại hình) | DJ7: =if(DI7="Không", 0, 1) -> 1 | DK7: Có, cả hai điều trên (trước khi vào đại học và kể từ khi vào đại học) | DL7: =IFS( ISNUMBER(SEARCH("không",LOWER(DK7))),0, ISNUMBER(SEARCH("chưa",LOWER(DK7))),0, ISNUMBER(SEARCH("cả hai",LOWER(DK7))),3, AND(ISNUMBER(SEARCH("trước",LOWER(DK7))),ISNUMBER(SEARCH("đại học",LOWER(DK7)))),1, AND(ISNUMBER(SEARCH("kể từ khi",LOWER(DK7))),ISNUMBER(SEARCH("đại học",LOWER(DK7)))),2, ISNUMBER(SEARCH("thuốc",LOWER(DK7))),2, ISNUMBER(SEARCH("bác sĩ",LOWER(DK7))),2, TRUE,NA() ) -> 3 | DN7: =LET( x,LOWER(TRIM(DM7)), IF(OR(x="không",x="0",x="hồi đó giờ ko chơi",x="hồi đó giờ không chơi"),0, IF(ISNUMBER(SEARCH("dưới 1",x)),0.5, IF(ISNUMBER(SEARCH("5 giờ trở lên",x)),5, IF(ISNUMBER(SEARCH("mỗi ngày",x)), IF(ISNUMBER(SEARCH("mỗi ngày ",x)), VALUE(MID(x,SEARCH("mỗi ngày ",x)+9,SEARCH(" giờ",x)-SEARCH("mỗi ngày ",x)-9))*7, VALUE(LEFT(x,SEARCH(" giờ",x)-1))*7 ), IF(ISNUMBER(SEARCH("-",x)), (VALUE(LEFT(x,SEARCH("-",x)-1))+VALUE(MID(x,SEARCH("-",x)+1,SEARCH(" giờ",x)-SEARCH("-",x)-1)))/2, IF(ISNUMBER(SEARCH(" giờ",x)), VALUE(LEFT(x,SEARCH(" giờ",x)-1)), "")))))) ) | DP7: Không | DQ7: =IF(DP7 = "Không", 0, 1) -> 0 | DS7: Không | DU7: Có, cố ý" | DW7: Không giữ em bé
A8: 46003.628 | B8: Bà Rịa-Vũng Tàu | C8: Nam | D8: =if(C8="Nam", 0, 1) -> 0 | E8: Thẳng (straight) | F8: =IFERROR(__xludf.DUMMYFUNCTION("LET( t, LOWER(TRIM(E8)), IFS( REGEXMATCH(t,""chuyển giới|transgender""), 6, REGEXMATCH(t,""vô tính|asexual|nam nữ.*không có nhu cầu""), 4, REGEXMATCH(t,""toàn tính|pansexual""), 5, REGEXMATCH(t,""song tính|bisexual|biromantic""), 1, "&" AND(REGEXMATCH(t,""đồng tính nam|\bgay\b""), NOT(REGEXMATCH(t,""not gay|không gay|ko gay""))), 2, REGEXMATCH(t,""đồng tính nữ|\blesbian\b|em thích nữ|thích nữ|mê nữ|sapphic""), 3, REGEXMATCH(t,""^\.$|^(không|ko|k|no)$|^(không có|ko có)$""), 8, "&" REGEXMATCH(t,""không biết|chưa rõ|chưa xác định|ko hiểu|huh|strange|\?{3,}|hong có.*không biết|vn chỉ có nam và nữ""), 7, REGEXMATCH(t,""dị tính|heterosexual|thẳng|straight|khác giới|thích khác giới|trai gái|quan hệ trai gái|nam\s*-\s*nữ|nam\s*nữ|b"&"ình thường|normal|\bbth\b|\bbinh thuong\b|giới tính bình thường|xu hướng tính dục bth""), 0, TRUE, 7 ) )"),0.0) -> 0 | G8: Phật giáo | H8: =IFERROR(__xludf.DUMMYFUNCTION("LET( t, LOWER(TRIM(G8)), IFS( REGEXMATCH(t,""phật giáo hòa hảo""), 3, REGEXMATCH(t,""công giáo""), 1, REGEXMATCH(t,""phật giáo""), 2, REGEXMATCH(t,""hồi giáo""), 4, REGEXMATCH(t,""cao đài|cao dai""), 5, REGEXMATCH(t,""bà la môn"&"|ba la mon""), 6, REGEXMATCH(t,""^kinh$""), 7, REGEXMATCH(t,""không tôn giáo|^(không|khong)$|^không có$|^khong co$|^không$|^không\s+$""), 0, TRUE, """" ) )"),2.0) -> 2 | I8: Thuê trọ | J8: =IFERROR(__xludf.DUMMYFUNCTION("LET( text, LOWER(I8), IFERROR( IFS( REGEXMATCH(text,""ở cùng gia đình|ở trọ cùng gia đình""), 0, REGEXMATCH(text,""thuê trọ""), 1, REGEXMATCH(text,""ở ktx""), 2, REGEXMATCH(text,""có nhà tại khu vực đang học|có nhà|ở riêng "&"tại chung cư""), 3, REGEXMATCH(text,""ở nhà người quen""), 4 ), -1) )"),1.0) -> 1 | K8: Khá | L8: =IFERROR(__xludf.DUMMYFUNCTION("LET( t, LOWER(TRIM(K8)), IFERROR( IFS( REGEXMATCH(t,""xuất\s*sắc""), 0, REGEXMATCH(t,""^giỏi$""), 1, REGEXMATCH(t,""^khá$""), 2, REGEXMATCH(t,""trung bình|bình thường|^4$""), 3, REGEXMATCH(t,""rớt""), 4, REGEXMA"&"TCH(t,""năm nhất|tân sinh viên|mới|chưa|không|sắp thi|chuẩn bị thi|kq|kết quả|chưa có|chưa biết""), 5, TRUE, 5 ), 5) )"),2.0) -> 2 | M8: Mong muốn của gia đình | N8: =IFERROR(__xludf.DUMMYFUNCTION("LET( t, LOWER(TRIM(M8)), IFERROR( IFS( REGEXMATCH(t,""ko biết|không biết|hơm bt|hôm bt|khum biết|chưa biết|không rõ|câu không rõ""), 3, REGEXMATCH(t,""50/50|bình thường|phân vân|lúc này lúc kia|fomo|đuối|hơi đuối|hơi không chắc""), 1,"&" REGEXMATCH(t,""không hợp|không phù hợp|hối hận|bất đắc dĩ|bất đắt dĩ|do không còn lựa chọn|không còn đam mê|mất đam mê|học không nổi""), 0, REGEXMATCH(t,""^có$|^có\b""), 0, REGEXMATCH(t,""^không$|^không\s|^không\.$|^không!$|^không,$|^"&"không\?$|phù hợp|siêu hợp|cảm thấy phù hợp|phù hợp rồi|ổn|ước mơ|tự chọn|năng lực|suy nghĩ""), 2, TRUE, 3 ), 3) )"),3.0) -> 3 | O8: Không | P8: =if(O8="Có", 1, 0) -> 0 | R8: =Q8 | V8: =IFERROR(__xludf.DUMMYFUNCTION("IFERROR(REGEXEXTRACT(U8,""\d+"")*1, """")"),"") | W8: =if(V8<>"", V8, 0) -> 0 | Z8: Không | AB8: Không | AC8: Không | AD8: Có một chút | AE8: Không | AF8: Áp lực nhiều | AG8: Không ảnh hưởng | AH8: Ảnh hưởng rất nhiều | AI8: Hiếm khi (1–2 lần) | AJ8: =LET( txt,LOWER(TRIM(SUBSTITUTE(AI8,CHAR(160)," "))), IFS( txt="không bao giờ",0, txt="hiếm khi (1–2 lần)",1, txt="thỉnh thoảng (vài lần)",2, txt="thường xuyên (thường xuyên trong vài tháng)",3, txt="luôn/rất thường xuyên",4, TRUE,"" ) ) -> 1 | AK8: Có chút ảnh hưởng | AL8: =LET( txt,LOWER(TRIM(SUBSTITUTE(AK8,CHAR(160)," "))), IFS( OR( ISNUMBER(SEARCH("không có trải nghiệm",txt)), ISNUMBER(SEARCH("chưa từng",txt)) ),-1, txt="không ảnh hưởng",0, ISNUMBER(SEARCH("có chút",txt)),1, AND(ISNUMBER(SEARCH("ảnh hưởng",txt)),ISNUMBER(SEARCH("rất",txt))),3, ISNUMBER(SEARCH("ảnh hưởng nhiều",txt)),2, TRUE,"" ) ) -> 1 | AM8: Độc thân | AN8: =LET( txt,LOWER(TRIM(AM8)), IFS( OR( txt="độc thân", txt="chưa có ny", txt="không có người yêu !!!!", txt="ế", txt="không có bồ", txt="không có", txt=".", txt="không có người yêu", txt="chưa yêu ai", txt="dạ chưa có mối tình đầu luôn ạ", txt="ko có người yêu", txt="đang kiếm phú bà nào đó ok ok", txt="án treo", txt="không", txt="ế quắt", txt="hiện tại không ai yêu và không quan tâm đến tình yêu", txt="0" ),0, txt="đã kết hôn",3, txt="trong mối quan hệ mập mờ",2, txt="có người yêu",1, TRUE,0 ) ) -> 0 | AP8: 3 | AQ8: 3 | AR8: 3 | AS8: 3 | AT8: 3 | AU8: 3 | AV8: 3 | AW8: 3 | AX8: 3 | AY8: =sum(AP8:AX8) -> 27 | AZ8: =AY8-9 -> 18 | BA8: =if(AZ8 >= 10 ,1,0) -> 1 | BB8: =if(AZ8 >= 14 ,1,0) -> 1 | BC8: 3 | BD8: 3 | BE8: 3 | BF8: 3 | BG8: 3 | BH8: 3 | BI8: 3 | BJ8: =sum(BC8:BI8) -> 21 | BK8: =BJ8-7 -> 14 | BN8: 3 | BO8: Không | BP8: =if(BO8="Không",0,1) -> 0 | BQ8: 4 | BR8: 10 | BS8: Không | BT8: =if(BS8="Không",0,1) -> 0 | BV8: 3 | BW8: Không | BX8: Cha mẹ | BY8: Có | BZ8: Không | CA8: =LET( txt,LOWER(TRIM(SUBSTITUTE(BZ8,CHAR(160)," "))), IFS( ISNUMBER(SEARCH("không",txt)),0, ISNUMBER(SEARCH("có một chút",txt)),1, ISNUMBER(SEARCH("thường xuyên",txt)),2, TRUE,"" ) ) -> 0 | CB8: Không | CC8: =LET( txt,LOWER(TRIM(SUBSTITUTE(CB8,CHAR(160)," "))), IFS( ISNUMBER(SEARCH("không",txt)),0, ISNUMBER(SEARCH("có một chút",txt)),1, ISNUMBER(SEARCH("thường xuyên",txt)),2, TRUE,"" ) ) -> 0 | CD8: Hiếm khi | CE8: =LET( txt,LOWER(TRIM(SUBSTITUTE(CD8,CHAR(160)," "))), IFS( ISNUMBER(SEARCH("hiếm khi",txt)),0, ISNUMBER(SEARCH("thỉnh thoảng",txt)),1, ISNUMBER(SEARCH("thường xuyên",txt)),2, TRUE,"" ) ) -> 0 | CF8: Hiếm khi | CG8: =LET( txt,LOWER(TRIM(SUBSTITUTE(CF8,CHAR(160)," "))), IFS( ISNUMBER(SEARCH("hiếm khi",txt)),0, ISNUMBER(SEARCH("thỉnh thoảng",txt)),1, ISNUMBER(SEARCH("thường xuyên",txt)),2, TRUE,"" ) ) -> 0 | CH8: Hiếm khi | CI8: =LET( txt,LOWER(TRIM(SUBSTITUTE(CH8,CHAR(160)," "))), IFS( ISNUMBER(SEARCH("hiếm khi",txt)),0, ISNUMBER(SEARCH("thỉnh thoảng",txt)),1, ISNUMBER(SEARCH("thường xuyên",txt)),2, TRUE,"" ) ) -> 0 | CJ8: Youtube | CK8: Phân biệt đối xử dựa trên bản dạng xã hội | CL8: Không có gì cả | CM8: =IFS( ISNUMBER(SEARCH("10-30",CL8)),0.33, ISNUMBER(SEARCH("31-60",CL8)),0.75, ISNUMBER(SEARCH("1-2",CL8)),1.5, ISNUMBER(SEARCH("3-4",CL8)),3.5, ISNUMBER(SEARCH("Hơn 5",CL8)),6, ISNUMBER(SEARCH("9 giờ",CL8)),9, ISNUMBER(SEARCH("18",CL8)),18, ISNUMBER(SEARCH("Không có",CL8)),0, ISNUMBER(SEARCH("Cả ngày",CL8)),18, ISNUMBER(SEARCH("Mọi lúc",CL8)),18, ISNUMBER(SEARCH("Hàng giờ",CL8)),12, ISNUMBER(SEARCH("không cố định",LOWER(CL8))),NA(), ISNUMBER(SEARCH("không theo",LOWER(CL8))),NA(), ISNUMBER(SEARCH("tranh thủ",LOWER(CL8))),NA(), ISNUMBER(SEARCH("tùy",LOWER(CL8))),NA(), ISNUMBER(SEARCH("sau 10h",LOWER(CL8))),2, TRUE,NA() ) -> 0 | CN8: Không | CO8: =if(CN8="Không", 0, if(CN8="Nhiều", 2, 1)) -> 0 | CP8: Có | CQ8: Không | CR8: Không | CS8: Không | CT8: Không | CU8: =if(CP8="Không",0,1) -> 1 | CV8: =if(CQ8="Không",0,1) -> 0 | CW8: =if(CR8="Không",0,1) -> 0 | CX8: =if(CS8="Không",0,1) -> 0 | CY8: =if(CT8="Không",0,1) -> 0 | CZ8: Không | DA8: =if(CZ8="Không",0,1) -> 0 | DB8: Không | DC8: =if(DB8="Không",0,1) -> 0 | DE8: Có | DF8: =if(DE8="Có", 1, 0) -> 1 | DG8: không | DH8: =if(DG8="Không có", 0, 1) -> 1 | DI8: Không | DJ8: =if(DI8="Không", 0, 1) -> 0 | DK8: Không, không bao giờ | DL8: =IFS( ISNUMBER(SEARCH("không",LOWER(DK8))),0, ISNUMBER(SEARCH("chưa",LOWER(DK8))),0, ISNUMBER(SEARCH("cả hai",LOWER(DK8))),3, AND(ISNUMBER(SEARCH("trước",LOWER(DK8))),ISNUMBER(SEARCH("đại học",LOWER(DK8)))),1, AND(ISNUMBER(SEARCH("kể từ khi",LOWER(DK8))),ISNUMBER(SEARCH("đại học",LOWER(DK8)))),2, ISNUMBER(SEARCH("thuốc",LOWER(DK8))),2, ISNUMBER(SEARCH("bác sĩ",LOWER(DK8))),2, TRUE,NA() ) -> 0 | DM8: 5 giờ trở lên | DN8: =LET( x,LOWER(TRIM(DM8)), IF(OR(x="không",x="0",x="hồi đó giờ ko chơi",x="hồi đó giờ không chơi"),0, IF(ISNUMBER(SEARCH("dưới 1",x)),0.5, IF(ISNUMBER(SEARCH("5 giờ trở lên",x)),5, IF(ISNUMBER(SEARCH("mỗi ngày",x)), IF(ISNUMBER(SEARCH("mỗi ngày ",x)), VALUE(MID(x,SEARCH("mỗi ngày ",x)+9,SEARCH(" giờ",x)-SEARCH("mỗi ngày ",x)-9))*7, VALUE(LEFT(x,SEARCH(" giờ",x)-1))*7 ), IF(ISNUMBER(SEARCH("-",x)), (VALUE(LEFT(x,SEARCH("-",x)-1))+VALUE(MID(x,SEARCH("-",x)+1,SEARCH(" giờ",x)-SEARCH("-",x)-1)))/2, IF(ISNUMBER(SEARCH(" giờ",x)), VALUE(LEFT(x,SEARCH(" giờ",x)-1)), "")))))) ) -> 5 | DO8: Chạy bộ, Đi bộ, Bơi lội, Cầu lông | DP8: Không | DQ8: =IF(DP8 = "Không", 0, 1) -> 0 | DS8: Không | DU8: Không
A9: 46003.628 | B9: TP. Hồ Chí Minh | C9: Nam | D9: =if(C9="Nam", 0, 1) -> 0 | E9: Đồng tính nam (Gay) | F9: =IFERROR(__xludf.DUMMYFUNCTION("LET( t, LOWER(TRIM(E9)), IFS( REGEXMATCH(t,""chuyển giới|transgender""), 6, REGEXMATCH(t,""vô tính|asexual|nam nữ.*không có nhu cầu""), 4, REGEXMATCH(t,""toàn tính|pansexual""), 5, REGEXMATCH(t,""song tính|bisexual|biromantic""), 1, "&" AND(REGEXMATCH(t,""đồng tính nam|\bgay\b""), NOT(REGEXMATCH(t,""not gay|không gay|ko gay""))), 2, REGEXMATCH(t,""đồng tính nữ|\blesbian\b|em thích nữ|thích nữ|mê nữ|sapphic""), 3, REGEXMATCH(t,""^\.$|^(không|ko|k|no)$|^(không có|ko có)$""), 8, "&" REGEXMATCH(t,""không biết|chưa rõ|chưa xác định|ko hiểu|huh|strange|\?{3,}|hong có.*không biết|vn chỉ có nam và nữ""), 7, REGEXMATCH(t,""dị tính|heterosexual|thẳng|straight|khác giới|thích khác giới|trai gái|quan hệ trai gái|nam\s*-\s*nữ|nam\s*nữ|b"&"ình thường|normal|\bbth\b|\bbinh thuong\b|giới tính bình thường|xu hướng tính dục bth""), 0, TRUE, 7 ) )"),2.0) -> 2 | G9: Hồi giáo | H9: =IFERROR(__xludf.DUMMYFUNCTION("LET( t, LOWER(TRIM(G9)), IFS( REGEXMATCH(t,""phật giáo hòa hảo""), 3, REGEXMATCH(t,""công giáo""), 1, REGEXMATCH(t,""phật giáo""), 2, REGEXMATCH(t,""hồi giáo""), 4, REGEXMATCH(t,""cao đài|cao dai""), 5, REGEXMATCH(t,""bà la môn"&"|ba la mon""), 6, REGEXMATCH(t,""^kinh$""), 7, REGEXMATCH(t,""không tôn giáo|^(không|khong)$|^không có$|^khong co$|^không$|^không\s+$""), 0, TRUE, """" ) )"),4.0) -> 4 | I9: Có nhà tại khu vực đang học | J9: =IFERROR(__xludf.DUMMYFUNCTION("LET( text, LOWER(I9), IFERROR( IFS( REGEXMATCH(text,""ở cùng gia đình|ở trọ cùng gia đình""), 0, REGEXMATCH(text,""thuê trọ""), 1, REGEXMATCH(text,""ở ktx""), 2, REGEXMATCH(text,""có nhà tại khu vực đang học|có nhà|ở riêng "&"tại chung cư""), 3, REGEXMATCH(text,""ở nhà người quen""), 4 ), -1) )"),3.0) -> 3 | K9: Giỏi | L9: =IFERROR(__xludf.DUMMYFUNCTION("LET( t, LOWER(TRIM(K9)), IFERROR( IFS( REGEXMATCH(t,""xuất\s*sắc""), 0, REGEXMATCH(t,""^giỏi$""), 1, REGEXMATCH(t,""^khá$""), 2, REGEXMATCH(t,""trung bình|bình thường|^4$""), 3, REGEXMATCH(t,""rớt""), 4, REGEXMA"&"TCH(t,""năm nhất|tân sinh viên|mới|chưa|không|sắp thi|chuẩn bị thi|kq|kết quả|chưa có|chưa biết""), 5, TRUE, 5 ), 5) )"),1.0) -> 1 | M9: Tự chọn | N9: =IFERROR(__xludf.DUMMYFUNCTION("LET( t, LOWER(TRIM(M9)), IFERROR( IFS( REGEXMATCH(t,""ko biết|không biết|hơm bt|hôm bt|khum biết|chưa biết|không rõ|câu không rõ""), 3, REGEXMATCH(t,""50/50|bình thường|phân vân|lúc này lúc kia|fomo|đuối|hơi đuối|hơi không chắc""), 1,"&" REGEXMATCH(t,""không hợp|không phù hợp|hối hận|bất đắc dĩ|bất đắt dĩ|do không còn lựa chọn|không còn đam mê|mất đam mê|học không nổi""), 0, REGEXMATCH(t,""^có$|^có\b""), 0, REGEXMATCH(t,""^không$|^không\s|^không\.$|^không!$|^không,$|^"&"không\?$|phù hợp|siêu hợp|cảm thấy phù hợp|phù hợp rồi|ổn|ước mơ|tự chọn|năng lực|suy nghĩ""), 2, TRUE, 3 ), 3) )"),2.0) -> 2 | O9: Không | P9: =if(O9="Có", 1, 0) -> 0 | R9: =Q9 | V9: =IFERROR(__xludf.DUMMYFUNCTION("IFERROR(REGEXEXTRACT(U9,""\d+"")*1, """")"),"") | W9: =if(V9<>"", V9, 0) -> 0 | Z9: Không | AB9: Không | AC9: Không | AD9: Có một chút | AE9: Không | AF9: Có chút áp lực | AG9: Có chút ảnh hưởng | AH9: Ảnh hưởng nhiều | AI9: Thỉnh thoảng (vài lần) | AJ9: =LET( txt,LOWER(TRIM(SUBSTITUTE(AI9,CHAR(160)," "))), IFS( txt="không bao giờ",0, txt="hiếm khi (1–2 lần)",1, txt="thỉnh thoảng (vài lần)",2, txt="thường xuyên (thường xuyên trong vài tháng)",3, txt="luôn/rất thường xuyên",4, TRUE,"" ) ) -> 2 | AK9: Có chút ảnh hưởng | AL9: =LET( txt,LOWER(TRIM(SUBSTITUTE(AK9,CHAR(160)," "))), IFS( OR( ISNUMBER(SEARCH("không có trải nghiệm",txt)), ISNUMBER(SEARCH("chưa từng",txt)) ),-1, txt="không ảnh hưởng",0, ISNUMBER(SEARCH("có chút",txt)),1, AND(ISNUMBER(SEARCH("ảnh hưởng",txt)),ISNUMBER(SEARCH("rất",txt))),3, ISNUMBER(SEARCH("ảnh hưởng nhiều",txt)),2, TRUE,"" ) ) -> 1 | AM9: Có người yêu | AN9: =LET( txt,LOWER(TRIM(AM9)), IFS( OR( txt="độc thân", txt="chưa có ny", txt="không có người yêu !!!!", txt="ế", txt="không có bồ", txt="không có", txt=".", txt="không có người yêu", txt="chưa yêu ai", txt="dạ chưa có mối tình đầu luôn ạ", txt="ko có người yêu", txt="đang kiếm phú bà nào đó ok ok", txt="án treo", txt="không", txt="ế quắt", txt="hiện tại không ai yêu và không quan tâm đến tình yêu", txt="0" ),0, txt="đã kết hôn",3, txt="trong mối quan hệ mập mờ",2, txt="có người yêu",1, TRUE,0 ) ) -> 1 | AP9: 3 | AQ9: 2 | AR9: 3 | AS9: 2 | AT9: 4 | AU9: 3 | AV9: 2 | AW9: 3 | AX9: 4 | AY9: =sum(AP9:AX9) -> 26 | AZ9: =AY9-9 -> 17 | BA9: =if(AZ9 >= 10 ,1,0) -> 1 | BB9: =if(AZ9 >= 14 ,1,0) -> 1 | BC9: 4 | BD9: 2 | BE9: 1 | BF9: 2 | BG9: 2 | BH9: 3 | BI9: 4 | BJ9: =sum(BC9:BI9) -> 18 | BK9: =BJ9-7 -> 11 | BN9: 5 | BO9: Không | BP9: =if(BO9="Không",0,1) -> 0 | BQ9: 3 | BR9: 28 | BS9: Có | BT9: =if(BS9="Không",0,1) -> 1 | BU9: Bạn bè | BV9: 4 | BW9: Có | BX9: Cha mẹ | BY9: Có | BZ9: Có một chút | CA9: =LET( txt,LOWER(TRIM(SUBSTITUTE(BZ9,CHAR(160)," "))), IFS( ISNUMBER(SEARCH("không",txt)),0, ISNUMBER(SEARCH("có một chút",txt)),1, ISNUMBER(SEARCH("thường xuyên",txt)),2, TRUE,"" ) ) -> 1 | CB9: Có một chút | CC9: =LET( txt,LOWER(TRIM(SUBSTITUTE(CB9,CHAR(160)," "))), IFS( ISNUMBER(SEARCH("không",txt)),0, ISNUMBER(SEARCH("có một chút",txt)),1, ISNUMBER(SEARCH("thường xuyên",txt)),2, TRUE,"" ) ) -> 1 | CD9: Hiếm khi | CE9: =LET( txt,LOWER(TRIM(SUBSTITUTE(CD9,CHAR(160)," "))), IFS( ISNUMBER(SEARCH("hiếm khi",txt)),0, ISNUMBER(SEARCH("thỉnh thoảng",txt)),1, ISNUMBER(SEARCH("thường xuyên",txt)),2, TRUE,"" ) ) -> 0 | CF9: Thường xuyên | CG9: =LET( txt,LOWER(TRIM(SUBSTITUTE(CF9,CHAR(160)," "))), IFS( ISNUMBER(SEARCH("hiếm khi",txt)),0, ISNUMBER(SEARCH("thỉnh thoảng",txt)),1, ISNUMBER(SEARCH("thường xuyên",txt)),2, TRUE,"" ) ) -> 2 | CH9: Thường xuyên | CI9: =LET( txt,LOWER(TRIM(SUBSTITUTE(CH9,CHAR(160)," "))), IFS( ISNUMBER(SEARCH("hiếm khi",txt)),0, ISNUMBER(SEARCH("thỉnh thoảng",txt)),1, ISNUMBER(SEARCH("thường xuyên",txt)),2, TRUE,"" ) ) -> 2 | CJ9: OnlyFan | CK9: Bạo lực tình dục | CL9: 1-2 giờ mỗi ngày | CM9: =IFS( ISNUMBER(SEARCH("10-30",CL9)),0.33, ISNUMBER(SEARCH("31-60",CL9)),0.75, ISNUMBER(SEARCH("1-2",CL9)),1.5, ISNUMBER(SEARCH("3-4",CL9)),3.5, ISNUMBER(SEARCH("Hơn 5",CL9)),6, ISNUMBER(SEARCH("9 giờ",CL9)),9, ISNUMBER(SEARCH("18",CL9)),18, ISNUMBER(SEARCH("Không có",CL9)),0, ISNUMBER(SEARCH("Cả ngày",CL9)),18, ISNUMBER(SEARCH("Mọi lúc",CL9)),18, ISNUMBER(SEARCH("Hàng giờ",CL9)),12, ISNUMBER(SEARCH("không cố định",LOWER(CL9))),NA(), ISNUMBER(SEARCH("không theo",LOWER(CL9))),NA(), ISNUMBER(SEARCH("tranh thủ",LOWER(CL9))),NA(), ISNUMBER(SEARCH("tùy",LOWER(CL9))),NA(), ISNUMBER(SEARCH("sau 10h",LOWER(CL9))),2, TRUE,NA() ) -> 1.5 | CN9: Có thỉnh thoảng | CO9: =if(CN9="Không", 0, if(CN9="Nhiều", 2, 1)) -> 1 | CP9: Có | CQ9: Có | CR9: Có | CS9: Có | CT9: Có | CU9: =if(CP9="Không",0,1) -> 1 | CV9: =if(CQ9="Không",0,1) -> 1 | CW9: =if(CR9="Không",0,1) -> 1 | CX9: =if(CS9="Không",0,1) -> 1 | CY9: =if(CT9="Không",0,1) -> 1 | CZ9: Có | DA9: =if(CZ9="Không",0,1) -> 1 | DB9: Có | DC9: =if(DB9="Không",0,1) -> 1 | DD9: Hôm trước | DE9: Có | DF9: =if(DE9="Có", 1, 0) -> 1 | DG9: Huyết áp cao | DH9: =if(DG9="Không có", 0, 1) -> 1 | DI9: Rối loạn ăn uống (ví dụ: chán ăn tâm thần, chứng cuồng ăn tâm thần) | DJ9: =if(DI9="Không", 0, 1) -> 1 | DK9: Không, không bao giờ | DL9: =IFS( ISNUMBER(SEARCH("không",LOWER(DK9))),0, ISNUMBER(SEARCH("chưa",LOWER(DK9))),0, ISNUMBER(SEARCH("cả hai",LOWER(DK9))),3, AND(ISNUMBER(SEARCH("trước",LOWER(DK9))),ISNUMBER(SEARCH("đại học",LOWER(DK9)))),1, AND(ISNUMBER(SEARCH("kể từ khi",LOWER(DK9))),ISNUMBER(SEARCH("đại học",LOWER(DK9)))),2, ISNUMBER(SEARCH("thuốc",LOWER(DK9))),2, ISNUMBER(SEARCH("bác sĩ",LOWER(DK9))),2, TRUE,NA() ) -> 0 | DM9: 1-2 giờ | DN9: =LET( x,LOWER(TRIM(DM9)), IF(OR(x="không",x="0",x="hồi đó giờ ko chơi",x="hồi đó giờ không chơi"),0, IF(ISNUMBER(SEARCH("dưới 1",x)),0.5, IF(ISNUMBER(SEARCH("5 giờ trở lên",x)),5, IF(ISNUMBER(SEARCH("mỗi ngày",x)), IF(ISNUMBER(SEARCH("mỗi ngày ",x)), VALUE(MID(x,SEARCH("mỗi ngày ",x)+9,SEARCH(" giờ",x)-SEARCH("mỗi ngày ",x)-9))*7, VALUE(LEFT(x,SEARCH(" giờ",x)-1))*7 ), IF(ISNUMBER(SEARCH("-",x)), (VALUE(LEFT(x,SEARCH("-",x)-1))+VALUE(MID(x,SEARCH("-",x)+1,SEARCH(" giờ",x)-SEARCH("-",x)-1)))/2, IF(ISNUMBER(SEARCH(" giờ",x)), VALUE(LEFT(x,SEARCH(" giờ",x)-1)), "")))))) ) -> 1.5 | DO9: GYM | DP9: Không | DQ9: =IF(DP9 = "Không", 0, 1) -> 0 | DS9: Có | DT9: Friend With Benefits | DU9: Có, cố ý" | DW9: Bàn bạc với gia đình và giữ lại em bé
A10: 46003.628 | B10: TP. Hồ Chí Minh | C10: Nam | D10: =if(C10="Nam", 0, 1) -> 0 | E10: Dị tính (Heterosexual) | F10: =IFERROR(__xludf.DUMMYFUNCTION("LET( t, LOWER(TRIM(E10)), IFS( REGEXMATCH(t,""chuyển giới|transgender""), 6, REGEXMATCH(t,""vô tính|asexual|nam nữ.*không có nhu cầu""), 4, REGEXMATCH(t,""toàn tính|pansexual""), 5, REGEXMATCH(t,""song tính|bisexual|biromantic""), 1, "&" AND(REGEXMATCH(t,""đồng tính nam|\bgay\b""), NOT(REGEXMATCH(t,""not gay|không gay|ko gay""))), 2, REGEXMATCH(t,""đồng tính nữ|\blesbian\b|em thích nữ|thích nữ|mê nữ|sapphic""), 3, REGEXMATCH(t,""^\.$|^(không|ko|k|no)$|^(không có|ko có)$""), 8, "&" REGEXMATCH(t,""không biết|chưa rõ|chưa xác định|ko hiểu|huh|strange|\?{3,}|hong có.*không biết|vn chỉ có nam và nữ""), 7, REGEXMATCH(t,""dị tính|heterosexual|thẳng|straight|khác giới|thích khác giới|trai gái|quan hệ trai gái|nam\s*-\s*nữ|nam\s*nữ|"&"bình thường|normal|\bbth\b|\bbinh thuong\b|giới tính bình thường|xu hướng tính dục bth""), 0, TRUE, 7 ) )"),0.0) -> 0 | G10: Không | H10: =IFERROR(__xludf.DUMMYFUNCTION("LET( t, LOWER(TRIM(G10)), IFS( REGEXMATCH(t,""phật giáo hòa hảo""), 3, REGEXMATCH(t,""công giáo""), 1, REGEXMATCH(t,""phật giáo""), 2, REGEXMATCH(t,""hồi giáo""), 4, REGEXMATCH(t,""cao đài|cao dai""), 5, REGEXMATCH(t,""bà la mô"&"n|ba la mon""), 6, REGEXMATCH(t,""^kinh$""), 7, REGEXMATCH(t,""không tôn giáo|^(không|khong)$|^không có$|^khong co$|^không$|^không\s+$""), 0, TRUE, """" ) )"),0.0) -> 0 | I10: Ở cùng gia đình | J10: =IFERROR(__xludf.DUMMYFUNCTION("LET( text, LOWER(I10), IFERROR( IFS( REGEXMATCH(text,""ở cùng gia đình|ở trọ cùng gia đình""), 0, REGEXMATCH(text,""thuê trọ""), 1, REGEXMATCH(text,""ở ktx""), 2, REGEXMATCH(text,""có nhà tại khu vực đang học|có nhà|ở riêng"&" tại chung cư""), 3, REGEXMATCH(text,""ở nhà người quen""), 4 ), -1) )"),0.0) -> 0 | K10: Giỏi | L10: =IFERROR(__xludf.DUMMYFUNCTION("LET( t, LOWER(TRIM(K10)), IFERROR( IFS( REGEXMATCH(t,""xuất\s*sắc""), 0, REGEXMATCH(t,""^giỏi$""), 1, REGEXMATCH(t,""^khá$""), 2, REGEXMATCH(t,""trung bình|bình thường|^4$""), 3, REGEXMATCH(t,""rớt""), 4, REGEXM"&"ATCH(t,""năm nhất|tân sinh viên|mới|chưa|không|sắp thi|chuẩn bị thi|kq|kết quả|chưa có|chưa biết""), 5, TRUE, 5 ), 5) )"),1.0) -> 1 | M10: Do xu hướng thị trường | N10: =IFERROR(__xludf.DUMMYFUNCTION("LET( t, LOWER(TRIM(M10)), IFERROR( IFS( REGEXMATCH(t,""ko biết|không biết|hơm bt|hôm bt|khum biết|chưa biết|không rõ|câu không rõ""), 3, REGEXMATCH(t,""50/50|bình thường|phân vân|lúc này lúc kia|fomo|đuối|hơi đuối|hơi không chắc""), 1"&", REGEXMATCH(t,""không hợp|không phù hợp|hối hận|bất đắc dĩ|bất đắt dĩ|do không còn lựa chọn|không còn đam mê|mất đam mê|học không nổi""), 0, REGEXMATCH(t,""^có$|^có\b""), 0, REGEXMATCH(t,""^không$|^không\s|^không\.$|^không!$|^không,$|"&"^không\?$|phù hợp|siêu hợp|cảm thấy phù hợp|phù hợp rồi|ổn|ước mơ|tự chọn|năng lực|suy nghĩ""), 2, TRUE, 3 ), 3) )"),3.0) -> 3 | O10: Không | P10: =if(O10="Có", 1, 0) -> 0 | R10: =Q10 | V10: =IFERROR(__xludf.DUMMYFUNCTION("IFERROR(REGEXEXTRACT(U10,""\d+"")*1, """")"),"") | W10: =if(V10<>"", V10, 0) -> 0 | Z10: Không | AB10: Có | AC10: Không | AD10: Rất lo lắng | AE10: Có một chút | AF10: Rất áp lực | AG10: Có chút ảnh hưởng | AH10: Ảnh hưởng nhiều | AI10: Luôn/Rất thường xuyên | AJ10: =LET( txt,LOWER(TRIM(SUBSTITUTE(AI10,CHAR(160)," "))), IFS( txt="không bao giờ",0, txt="hiếm khi (1–2 lần)",1, txt="thỉnh thoảng (vài lần)",2, txt="thường xuyên (thường xuyên trong vài tháng)",3, txt="luôn/rất thường xuyên",4, TRUE,"" ) ) -> 4 | AK10: Ảnh hưởng rất nhiều | AL10: =LET( txt,LOWER(TRIM(SUBSTITUTE(AK10,CHAR(160)," "))), IFS( OR( ISNUMBER(SEARCH("không có trải nghiệm",txt)), ISNUMBER(SEARCH("chưa từng",txt)) ),-1, txt="không ảnh hưởng",0, ISNUMBER(SEARCH("có chút",txt)),1, AND(ISNUMBER(SEARCH("ảnh hưởng",txt)),ISNUMBER(SEARCH("rất",txt))),3, ISNUMBER(SEARCH("ảnh hưởng nhiều",txt)),2, TRUE,"" ) ) -> 3 | AM10: Có người yêu | AN10: =LET( txt,LOWER(TRIM(AM10)), IFS( OR( txt="độc thân", txt="chưa có ny", txt="không có người yêu !!!!", txt="ế", txt="không có bồ", txt="không có", txt=".", txt="không có người yêu", txt="chưa yêu ai", txt="dạ chưa có mối tình đầu luôn ạ", txt="ko có người yêu", txt="đang kiếm phú bà nào đó ok ok", txt="án treo", txt="không", txt="ế quắt", txt="hiện tại không ai yêu và không quan tâm đến tình yêu", txt="0" ),0, txt="đã kết hôn",3, txt="trong mối quan hệ mập mờ",2, txt="có người yêu",1, TRUE,0 ) ) -> 1 | AP10: 3 | AQ10: 3 | AR10: 2 | AS10: 4 | AT10: 4 | AU10: 2 | AV10: 4 | AW10: 4 | AX10: 2 | AY10: =sum(AP10:AX10) -> 28 | AZ10: =AY10-9 -> 19 | BA10: =if(AZ10 >= 10 ,1,0) -> 1 | BB10: =if(AZ10 >= 14 ,1,0) -> 1 | BC10: 3 | BD10: 3 | BE10: 2 | BF10: 4 | BG10: 2 | BH10: 3 | BI10: 4 | BJ10: =sum(BC10:BI10) -> 21 | BK10: =BJ10-7 -> 14 | BN10: 3 | BO10: Có | BP10: =if(BO10="Không",0,1) -> 1 | BQ10: 6 | BR10: 5 | BS10: Có | BT10: =if(BS10="Không",0,1) -> 1 | BU10: Người yêu | BV10: 4 | BW10: Có | BX10: Cha mẹ | BY10: Có | BZ10: Có một chút | CA10: =LET( txt,LOWER(TRIM(SUBSTITUTE(BZ10,CHAR(160)," "))), IFS( ISNUMBER(SEARCH("không",txt)),0, ISNUMBER(SEARCH("có một chút",txt)),1, ISNUMBER(SEARCH("thường xuyên",txt)),2, TRUE,"" ) ) -> 1 | CB10: Thường xuyên | CC10: =LET( txt,LOWER(TRIM(SUBSTITUTE(CB10,CHAR(160)," "))), IFS( ISNUMBER(SEARCH("không",txt)),0, ISNUMBER(SEARCH("có một chút",txt)),1, ISNUMBER(SEARCH("thường xuyên",txt)),2, TRUE,"" ) ) -> 2 | CD10: Thỉnh thoảng | CE10: =LET( txt,LOWER(TRIM(SUBSTITUTE(CD10,CHAR(160)," "))), IFS( ISNUMBER(SEARCH("hiếm khi",txt)),0, ISNUMBER(SEARCH("thỉnh thoảng",txt)),1, ISNUMBER(SEARCH("thường xuyên",txt)),2, TRUE,"" ) ) -> 1 | CF10: Hiếm khi | CG10: =LET( txt,LOWER(TRIM(SUBSTITUTE(CF10,CHAR(160)," "))), IFS( ISNUMBER(SEARCH("hiếm khi",txt)),0, ISNUMBER(SEARCH("thỉnh thoảng",txt)),1, ISNUMBER(SEARCH("thường xuyên",txt)),2, TRUE,"" ) ) -> 0 | CH10: Thỉnh thoảng | CI10: =LET( txt,LOWER(TRIM(SUBSTITUTE(CH10,CHAR(160)," "))), IFS( ISNUMBER(SEARCH("hiếm khi",txt)),0, ISNUMBER(SEARCH("thỉnh thoảng",txt)),1, ISNUMBER(SEARCH("thường xuyên",txt)),2, TRUE,"" ) ) -> 1 | CJ10: TikTok | CK10: Sức khỏe thể chất, tinh thần, tình dục hoặc các hình thức khác | CL10: Hơn 5 giờ mỗi ngày | CM10: =IFS( ISNUMBER(SEARCH("10-30",CL10)),0.33, ISNUMBER(SEARCH("31-60",CL10)),0.75, ISNUMBER(SEARCH("1-2",CL10)),1.5, ISNUMBER(SEARCH("3-4",CL10)),3.5, ISNUMBER(SEARCH("Hơn 5",CL10)),6, ISNUMBER(SEARCH("9 giờ",CL10)),9, ISNUMBER(SEARCH("18",CL10)),18, ISNUMBER(SEARCH("Không có",CL10)),0, ISNUMBER(SEARCH("Cả ngày",CL10)),18, ISNUMBER(SEARCH("Mọi lúc",CL10)),18, ISNUMBER(SEARCH("Hàng giờ",CL10)),12, ISNUMBER(SEARCH("không cố định",LOWER(CL10))),NA(), ISNUMBER(SEARCH("không theo",LOWER(CL10))),NA(), ISNUMBER(SEARCH("tranh thủ",LOWER(CL10))),NA(), ISNUMBER(SEARCH("tùy",LOWER(CL10))),NA(), ISNUMBER(SEARCH("sau 10h",LOWER(CL10))),2, TRUE,NA() ) -> 6 | CN10: Nhiều | CO10: =if(CN10="Không", 0, if(CN10="Nhiều", 2, 1)) -> 2 | CP10: Có | CQ10: Có | CR10: Có | CS10: Có | CT10: Có | CU10: =if(CP10="Không",0,1) -> 1 | CV10: =if(CQ10="Không",0,1) -> 1 | CW10: =if(CR10="Không",0,1) -> 1 | CX10: =if(CS10="Không",0,1) -> 1 | CY10: =if(CT10="Không",0,1) -> 1 | CZ10: Có | DA10: =if(CZ10="Không",0,1) -> 1 | DB10: Có | DC10: =if(DB10="Không",0,1) -> 1 | DD10: không nhớ | DE10: Có | DF10: =if(DE10="Có", 1, 0) -> 1 | DG10: Huyết áp cao | DH10: =if(DG10="Không có", 0, 1) -> 1 | DI10: Trầm cảm (ví dụ: rối loạn trầm cảm nặng, rối loạn trầm cảm dai dẳng), Rối loạn lưỡng cực (ví dụ: rối loạn lưỡng cực I hoặc II, rối loạn khí sắc), Lo âu (ví dụ: rối loạn lo âu lan tỏa, ám ảnh) | DJ10: =if(DI10="Không", 0, 1) -> 1 | DK10: Có, trước khi vào đại học | DL10: =IFS( ISNUMBER(SEARCH("không",LOWER(DK10))),0, ISNUMBER(SEARCH("chưa",LOWER(DK10))),0, ISNUMBER(SEARCH("cả hai",LOWER(DK10))),3, AND(ISNUMBER(SEARCH("trước",LOWER(DK10))),ISNUMBER(SEARCH("đại học",LOWER(DK10)))),1, AND(ISNUMBER(SEARCH("kể từ khi",LOWER(DK10))),ISNUMBER(SEARCH("đại học",LOWER(DK10)))),2, ISNUMBER(SEARCH("thuốc",LOWER(DK10))),2, ISNUMBER(SEARCH("bác sĩ",LOWER(DK10))),2, TRUE,NA() ) -> 1 | DM10: 5 giờ trở lên | DN10: =LET( x,LOWER(TRIM(DM10)), IF(OR(x="không",x="0",x="hồi đó giờ ko chơi",x="hồi đó giờ không chơi"),0, IF(ISNUMBER(SEARCH("dưới 1",x)),0.5, IF(ISNUMBER(SEARCH("5 giờ trở lên",x)),5, IF(ISNUMBER(SEARCH("mỗi ngày",x)), IF(ISNUMBER(SEARCH("mỗi ngày ",x)), VALUE(MID(x,SEARCH("mỗi ngày ",x)+9,SEARCH(" giờ",x)-SEARCH("mỗi ngày ",x)-9))*7, VALUE(LEFT(x,SEARCH(" giờ",x)-1))*7 ), IF(ISNUMBER(SEARCH("-",x)), (VALUE(LEFT(x,SEARCH("-",x)-1))+VALUE(MID(x,SEARCH("-",x)+1,SEARCH(" giờ",x)-SEARCH("-",x)-1)))/2, IF(ISNUMBER(SEARCH(" giờ",x)), VALUE(LEFT(x,SEARCH(" giờ",x)-1)), "")))))) ) -> 5 | DO10: Bóng rổ | DP10: Có | DQ10: =IF(DP10 = "Không", 0, 1) -> 1 | DR10: Họ hàng | DS10: Có | DT10: Tìm kiếm tình yêu chân thành | DU10: Không
A11: 46003.628 | B11: TP. Hồ Chí Minh | C11: Nam | D11: =if(C11="Nam", 0, 1) -> 0 | E11: Nam | F11: =IFERROR(__xludf.DUMMYFUNCTION("LET( t, LOWER(TRIM(E11)), IFS( REGEXMATCH(t,""chuyển giới|transgender""), 6, REGEXMATCH(t,""vô tính|asexual|nam nữ.*không có nhu cầu""), 4, REGEXMATCH(t,""toàn tính|pansexual""), 5, REGEXMATCH(t,""song tính|bisexual|biromantic""), 1, "&" AND(REGEXMATCH(t,""đồng tính nam|\bgay\b""), NOT(REGEXMATCH(t,""not gay|không gay|ko gay""))), 2, REGEXMATCH(t,""đồng tính nữ|\blesbian\b|em thích nữ|thích nữ|mê nữ|sapphic""), 3, REGEXMATCH(t,""^\.$|^(không|ko|k|no)$|^(không có|ko có)$""), 8, "&" REGEXMATCH(t,""không biết|chưa rõ|chưa xác định|ko hiểu|huh|strange|\?{3,}|hong có.*không biết|vn chỉ có nam và nữ""), 7, REGEXMATCH(t,""dị tính|heterosexual|thẳng|straight|khác giới|thích khác giới|trai gái|quan hệ trai gái|nam\s*-\s*nữ|nam\s*nữ|"&"bình thường|normal|\bbth\b|\bbinh thuong\b|giới tính bình thường|xu hướng tính dục bth""), 0, TRUE, 7 ) )"),7.0) -> 7 | G11: Công giáo | H11: =IFERROR(__xludf.DUMMYFUNCTION("LET( t, LOWER(TRIM(G11)), IFS( REGEXMATCH(t,""phật giáo hòa hảo""), 3, REGEXMATCH(t,""công giáo""), 1, REGEXMATCH(t,""phật giáo""), 2, REGEXMATCH(t,""hồi giáo""), 4, REGEXMATCH(t,""cao đài|cao dai""), 5, REGEXMATCH(t,""bà la mô"&"n|ba la mon""), 6, REGEXMATCH(t,""^kinh$""), 7, REGEXMATCH(t,""không tôn giáo|^(không|khong)$|^không có$|^khong co$|^không$|^không\s+$""), 0, TRUE, """" ) )"),1.0) -> 1 | I11: Ở cùng gia đình | J11: =IFERROR(__xludf.DUMMYFUNCTION("LET( text, LOWER(I11), IFERROR( IFS( REGEXMATCH(text,""ở cùng gia đình|ở trọ cùng gia đình""), 0, REGEXMATCH(text,""thuê trọ""), 1, REGEXMATCH(text,""ở ktx""), 2, REGEXMATCH(text,""có nhà tại khu vực đang học|có nhà|ở riêng"&" tại chung cư""), 3, REGEXMATCH(text,""ở nhà người quen""), 4 ), -1) )"),0.0) -> 0 | K11: Khá | L11: =IFERROR(__xludf.DUMMYFUNCTION("LET( t, LOWER(TRIM(K11)), IFERROR( IFS( REGEXMATCH(t,""xuất\s*sắc""), 0, REGEXMATCH(t,""^giỏi$""), 1, REGEXMATCH(t,""^khá$""), 2, REGEXMATCH(t,""trung bình|bình thường|^4$""), 3, REGEXMATCH(t,""rớt""), 4, REGEXM"&"ATCH(t,""năm nhất|tân sinh viên|mới|chưa|không|sắp thi|chuẩn bị thi|kq|kết quả|chưa có|chưa biết""), 5, TRUE, 5 ), 5) )"),2.0) -> 2 | M11: Tự chọn | N11: =IFERROR(__xludf.DUMMYFUNCTION("LET( t, LOWER(TRIM(M11)), IFERROR( IFS( REGEXMATCH(t,""ko biết|không biết|hơm bt|hôm bt|khum biết|chưa biết|không rõ|câu không rõ""), 3, REGEXMATCH(t,""50/50|bình thường|phân vân|lúc này lúc kia|fomo|đuối|hơi đuối|hơi không chắc""), 1"&", REGEXMATCH(t,""không hợp|không phù hợp|hối hận|bất đắc dĩ|bất đắt dĩ|do không còn lựa chọn|không còn đam mê|mất đam mê|học không nổi""), 0, REGEXMATCH(t,""^có$|^có\b""), 0, REGEXMATCH(t,""^không$|^không\s|^không\.$|^không!$|^không,$|"&"^không\?$|phù hợp|siêu hợp|cảm thấy phù hợp|phù hợp rồi|ổn|ước mơ|tự chọn|năng lực|suy nghĩ""), 2, TRUE, 3 ), 3) )"),2.0) -> 2 | O11: Có | P11: =if(O11="Có", 1, 0) -> 1 | Q11: 1 | R11: =Q11 -> 1 | S11: Nhân viên phục vụ, bán hàng | U11: <=40h/ tuần | V11: =IFERROR(__xludf.DUMMYFUNCTION("IFERROR(REGEXEXTRACT(U11,""\d+"")*1, """")"),40.0) -> 40 | W11: =if(V11<>"", V11, 0) -> 40 | X11: 10 | Y11: 70 | Z11: Không | AB11: Không | AC11: Phân cấp giàu nghèo | AD11: Rất lo lắng | AE11: Có một chút | AF11: Có chút áp lực | AG11: Ảnh hưởng rất nhiều | AH11: Ảnh hưởng nhiều | AI11: Không bao giờ | AJ11: =LET( txt,LOWER(TRIM(SUBSTITUTE(AI11,CHAR(160)," "))), IFS( txt="không bao giờ",0, txt="hiếm khi (1–2 lần)",1, txt="thỉnh thoảng (vài lần)",2, txt="thường xuyên (thường xuyên trong vài tháng)",3, txt="luôn/rất thường xuyên",4, TRUE,"" ) ) -> 0 | AK11: Ảnh hưởng rất nhiều | AL11: =LET( txt,LOWER(TRIM(SUBSTITUTE(AK11,CHAR(160)," "))), IFS( OR( ISNUMBER(SEARCH("không có trải nghiệm",txt)), ISNUMBER(SEARCH("chưa từng",txt)) ),-1, txt="không ảnh hưởng",0, ISNUMBER(SEARCH("có chút",txt)),1, AND(ISNUMBER(SEARCH("ảnh hưởng",txt)),ISNUMBER(SEARCH("rất",txt))),3, ISNUMBER(SEARCH("ảnh hưởng nhiều",txt)),2, TRUE,"" ) ) -> 3 | AM11: Độc thân | AN11: =LET( txt,LOWER(TRIM(AM11)), IFS( OR( txt="độc thân", txt="chưa có ny", txt="không có người yêu !!!!", txt="ế", txt="không có bồ", txt="không có", txt=".", txt="không có người yêu", txt="chưa yêu ai", txt="dạ chưa có mối tình đầu luôn ạ", txt="ko có người yêu", txt="đang kiếm phú bà nào đó ok ok", txt="án treo", txt="không", txt="ế quắt", txt="hiện tại không ai yêu và không quan tâm đến tình yêu", txt="0" ),0, txt="đã kết hôn",3, txt="trong mối quan hệ mập mờ",2, txt="có người yêu",1, TRUE,0 ) ) -> 0 | AP11: 3 | AQ11: 3 | AR11: 4 | AS11: 3 | AT11: 2 | AU11: 3 | AV11: 3 | AW11: 4 | AX11: 4 | AY11: =sum(AP11:AX11) -> 29 | AZ11: =AY11-9 -> 20 | BA11: =if(AZ11 >= 10 ,1,0) -> 1 | BB11: =if(AZ11 >= 14 ,1,0) -> 1 | BC11: 3 | BD11: 2 | BE11: 4 | BF11: 4 | BG11: 4 | BH11: 4 | BI11: 3 | BJ11: =sum(BC11:BI11) -> 24 | BK11: =BJ11-7 -> 17 | BN11: 1 | BO11: Có | BP11: =if(BO11="Không",0,1) -> 1 | BQ11: 5 | BR11: 4 | BS11: Có | BT11: =if(BS11="Không",0,1) -> 1 | BU11: Bạn bè | BV11: 1 | BW11: Có | BX11: Cha mẹ | BY11: Có | BZ11: Thường xuyên | CA11: =LET( txt,LOWER(TRIM(SUBSTITUTE(BZ11,CHAR(160)," "))), IFS( ISNUMBER(SEARCH("không",txt)),0, ISNUMBER(SEARCH("có một chút",txt)),1, ISNUMBER(SEARCH("thường xuyên",txt)),2, TRUE,"" ) ) -> 2 | CB11: Thường xuyên | CC11: =LET( txt,LOWER(TRIM(SUBSTITUTE(CB11,CHAR(160)," "))), IFS( ISNUMBER(SEARCH("không",txt)),0, ISNUMBER(SEARCH("có một chút",txt)),1, ISNUMBER(SEARCH("thường xuyên",txt)),2, TRUE,"" ) ) -> 2 | CD11: Hiếm khi | CE11: =LET( txt,LOWER(TRIM(SUBSTITUTE(CD11,CHAR(160)," "))), IFS( ISNUMBER(SEARCH("hiếm khi",txt)),0, ISNUMBER(SEARCH("thỉnh thoảng",txt)),1, ISNUMBER(SEARCH("thường xuyên",txt)),2, TRUE,"" ) ) -> 0 | CF11: Hiếm khi | CG11: =LET( txt,LOWER(TRIM(SUBSTITUTE(CF11,CHAR(160)," "))), IFS( ISNUMBER(SEARCH("hiếm khi",txt)),0, ISNUMBER(SEARCH("thỉnh thoảng",txt)),1, ISNUMBER(SEARCH("thường xuyên",txt)),2, TRUE,"" ) ) -> 0 | CH11: Hiếm khi | CI11: =LET( txt,LOWER(TRIM(SUBSTITUTE(CH11,CHAR(160)," "))), IFS( ISNUMBER(SEARCH("hiếm khi",txt)),0, ISNUMBER(SEARCH("thỉnh thoảng",txt)),1, ISNUMBER(SEARCH("thường xuyên",txt)),2, TRUE,"" ) ) -> 0 | CJ11: Instagram | CK11: Sức khỏe thể chất, tinh thần, tình dục hoặc các hình thức khác | CL11: 1-2 giờ mỗi ngày | CM11: =IFS( ISNUMBER(SEARCH("10-30",CL11)),0.33, ISNUMBER(SEARCH("31-60",CL11)),0.75, ISNUMBER(SEARCH("1-2",CL11)),1.5, ISNUMBER(SEARCH("3-4",CL11)),3.5, ISNUMBER(SEARCH("Hơn 5",CL11)),6, ISNUMBER(SEARCH("9 giờ",CL11)),9, ISNUMBER(SEARCH("18",CL11)),18, ISNUMBER(SEARCH("Không có",CL11)),0, ISNUMBER(SEARCH("Cả ngày",CL11)),18, ISNUMBER(SEARCH("Mọi lúc",CL11)),18, ISNUMBER(SEARCH("Hàng giờ",CL11)),12, ISNUMBER(SEARCH("không cố định",LOWER(CL11))),NA(), ISNUMBER(SEARCH("không theo",LOWER(CL11))),NA(), ISNUMBER(SEARCH("tranh thủ",LOWER(CL11))),NA(), ISNUMBER(SEARCH("tùy",LOWER(CL11))),NA(), ISNUMBER(SEARCH("sau 10h",LOWER(CL11))),2, TRUE,NA() ) -> 1.5 | CN11: Không | CO11: =if(CN11="Không", 0, if(CN11="Nhiều", 2, 1)) -> 0 | CP11: Có | CQ11: Có | CR11: Không | CS11: Không | CT11: Không | CU11: =if(CP11="Không",0,1) -> 1 | CV11: =if(CQ11="Không",0,1) -> 1 | CW11: =if(CR11="Không",0,1) -> 0 | CX11: =if(CS11="Không",0,1) -> 0 | CY11: =if(CT11="Không",0,1) -> 0 | CZ11: Không | DA11: =if(CZ11="Không",0,1) -> 0 | DB11: Không | DC11: =if(DB11="Không",0,1) -> 0 | DE11: Có | DF11: =if(DE11="Có", 1, 0) -> 1 | DG11: Không có | DH11: =if(DG11="Không có", 0, 1) -> 0 | DI11: Rối loạn lưỡng cực (ví dụ: rối loạn lưỡng cực I hoặc II, rối loạn khí sắc) | DJ11: =if(DI11="Không", 0, 1) -> 1 | DK11: Không, không bao giờ | DL11: =IFS( ISNUMBER(SEARCH("không",LOWER(DK11))),0, ISNUMBER(SEARCH("chưa",LOWER(DK11))),0, ISNUMBER(SEARCH("cả hai",LOWER(DK11))),3, AND(ISNUMBER(SEARCH("trước",LOWER(DK11))),ISNUMBER(SEARCH("đại học",LOWER(DK11)))),1, AND(ISNUMBER(SEARCH("kể từ khi",LOWER(DK11))),ISNUMBER(SEARCH("đại học",LOWER(DK11)))),2, ISNUMBER(SEARCH("thuốc",LOWER(DK11))),2, ISNUMBER(SEARCH("bác sĩ",LOWER(DK11))),2, TRUE,NA() ) -> 0 | DM11: 1-2 giờ | DN11: =LET( x,LOWER(TRIM(DM11)), IF(OR(x="không",x="0",x="hồi đó giờ ko chơi",x="hồi đó giờ không chơi"),0, IF(ISNUMBER(SEARCH("dưới 1",x)),0.5, IF(ISNUMBER(SEARCH("5 giờ trở lên",x)),5, IF(ISNUMBER(SEARCH("mỗi ngày",x)), IF(ISNUMBER(SEARCH("mỗi ngày ",x)), VALUE(MID(x,SEARCH("mỗi ngày ",x)+9,SEARCH(" giờ",x)-SEARCH("mỗi ngày ",x)-9))*7, VALUE(LEFT(x,SEARCH(" giờ",x)-1))*7 ), IF(ISNUMBER(SEARCH("-",x)), (VALUE(LEFT(x,SEARCH("-",x)-1))+VALUE(MID(x,SEARCH("-",x)+1,SEARCH(" giờ",x)-SEARCH("-",x)-1)))/2, IF(ISNUMBER(SEARCH(" giờ",x)), VALUE(LEFT(x,SEARCH(" giờ",x)-1)), "")))))) ) -> 1.5 | DO11: đá banh | DP11: Không | DQ11: =IF(DP11 = "Không", 0, 1) -> 0 | DS11: Không | DU11: Không
A12: 46003.628 | B12: Gia Lai | C12: Nam | D12: =if(C12="Nam", 0, 1) -> 0 | E12: Bình Thường | F12: =IFERROR(__xludf.DUMMYFUNCTION("LET( t, LOWER(TRIM(E12)), IFS( REGEXMATCH(t,""chuyển giới|transgender""), 6, REGEXMATCH(t,""vô tính|asexual|nam nữ.*không có nhu cầu""), 4, REGEXMATCH(t,""toàn tính|pansexual""), 5, REGEXMATCH(t,""song tính|bisexual|biromantic""), 1, "&" AND(REGEXMATCH(t,""đồng tính nam|\bgay\b""), NOT(REGEXMATCH(t,""not gay|không gay|ko gay""))), 2, REGEXMATCH(t,""đồng tính nữ|\blesbian\b|em thích nữ|thích nữ|mê nữ|sapphic""), 3, REGEXMATCH(t,""^\.$|^(không|ko|k|no)$|^(không có|ko có)$""), 8, "&" REGEXMATCH(t,""không biết|chưa rõ|chưa xác định|ko hiểu|huh|strange|\?{3,}|hong có.*không biết|vn chỉ có nam và nữ""), 7, REGEXMATCH(t,""dị tính|heterosexual|thẳng|straight|khác giới|thích khác giới|trai gái|quan hệ trai gái|nam\s*-\s*nữ|nam\s*nữ|"&"bình thường|normal|\bbth\b|\bbinh thuong\b|giới tính bình thường|xu hướng tính dục bth""), 0, TRUE, 7 ) )"),0.0) -> 0 | G12: Không | H12: =IFERROR(__xludf.DUMMYFUNCTION("LET( t, LOWER(TRIM(G12)), IFS( REGEXMATCH(t,""phật giáo hòa hảo""), 3, REGEXMATCH(t,""công giáo""), 1, REGEXMATCH(t,""phật giáo""), 2, REGEXMATCH(t,""hồi giáo""), 4, REGEXMATCH(t,""cao đài|cao dai""), 5, REGEXMATCH(t,""bà la mô"&"n|ba la mon""), 6, REGEXMATCH(t,""^kinh$""), 7, REGEXMATCH(t,""không tôn giáo|^(không|khong)$|^không có$|^khong co$|^không$|^không\s+$""), 0, TRUE, """" ) )"),0.0) -> 0 | I12: Thuê trọ | J12: =IFERROR(__xludf.DUMMYFUNCTION("LET( text, LOWER(I12), IFERROR( IFS( REGEXMATCH(text,""ở cùng gia đình|ở trọ cùng gia đình""), 0, REGEXMATCH(text,""thuê trọ""), 1, REGEXMATCH(text,""ở ktx""), 2, REGEXMATCH(text,""có nhà tại khu vực đang học|có nhà|ở riêng"&" tại chung cư""), 3, REGEXMATCH(text,""ở nhà người quen""), 4 ), -1) )"),1.0) -> 1 | K12: Khá | L12: =IFERROR(__xludf.DUMMYFUNCTION("LET( t, LOWER(TRIM(K12)), IFERROR( IFS( REGEXMATCH(t,""xuất\s*sắc""), 0, REGEXMATCH(t,""^giỏi$""), 1, REGEXMATCH(t,""^khá$""), 2, REGEXMATCH(t,""trung bình|bình thường|^4$""), 3, REGEXMATCH(t,""rớt""), 4, REGEXM"&"ATCH(t,""năm nhất|tân sinh viên|mới|chưa|không|sắp thi|chuẩn bị thi|kq|kết quả|chưa có|chưa biết""), 5, TRUE, 5 ), 5) )"),2.0) -> 2 | M12: Tự chọn | N12: =IFERROR(__xludf.DUMMYFUNCTION("LET( t, LOWER(TRIM(M12)), IFERROR( IFS( REGEXMATCH(t,""ko biết|không biết|hơm bt|hôm bt|khum biết|chưa biết|không rõ|câu không rõ""), 3, REGEXMATCH(t,""50/50|bình thường|phân vân|lúc này lúc kia|fomo|đuối|hơi đuối|hơi không chắc""), 1"&", REGEXMATCH(t,""không hợp|không phù hợp|hối hận|bất đắc dĩ|bất đắt dĩ|do không còn lựa chọn|không còn đam mê|mất đam mê|học không nổi""), 0, REGEXMATCH(t,""^có$|^có\b""), 0, REGEXMATCH(t,""^không$|^không\s|^không\.$|^không!$|^không,$|"&"^không\?$|phù hợp|siêu hợp|cảm thấy phù hợp|phù hợp rồi|ổn|ước mơ|tự chọn|năng lực|suy nghĩ""), 2, TRUE, 3 ), 3) )"),2.0) -> 2 | O12: Không | P12: =if(O12="Có", 1, 0) -> 0 | R12: =Q12 | V12: =IFERROR(__xludf.DUMMYFUNCTION("IFERROR(REGEXEXTRACT(U12,""\d+"")*1, """")"),"") | W12: =if(V12<>"", V12, 0) -> 0 | Z12: Có một chút | AB12: Không | AC12: Không | AD12: Có một chút | AE12: Không | AF12: Không áp lực | AG12: Có chút ảnh hưởng | AH12: Ảnh hưởng nhiều | AI12: Hiếm khi (1–2 lần) | AJ12: =LET( txt,LOWER(TRIM(SUBSTITUTE(AI12,CHAR(160)," "))), IFS( txt="không bao giờ",0, txt="hiếm khi (1–2 lần)",1, txt="thỉnh thoảng (vài lần)",2, txt="thường xuyên (thường xuyên trong vài tháng)",3, txt="luôn/rất thường xuyên",4, TRUE,"" ) ) -> 1 | AK12: Có chút ảnh hưởng | AL12: =LET( txt,LOWER(TRIM(SUBSTITUTE(AK12,CHAR(160)," "))), IFS( OR( ISNUMBER(SEARCH("không có trải nghiệm",txt)), ISNUMBER(SEARCH("chưa từng",txt)) ),-1, txt="không ảnh hưởng",0, ISNUMBER(SEARCH("có chút",txt)),1, AND(ISNUMBER(SEARCH("ảnh hưởng",txt)),ISNUMBER(SEARCH("rất",txt))),3, ISNUMBER(SEARCH("ảnh hưởng nhiều",txt)),2, TRUE,"" ) ) -> 1 | AM12: Có người yêu | AN12: =LET( txt,LOWER(TRIM(AM12)), IFS( OR( txt="độc thân", txt="chưa có ny", txt="không có người yêu !!!!", txt="ế", txt="không có bồ", txt="không có", txt=".", txt="không có người yêu", txt="chưa yêu ai", txt="dạ chưa có mối tình đầu luôn ạ", txt="ko có người yêu", txt="đang kiếm phú bà nào đó ok ok", txt="án treo", txt="không", txt="ế quắt", txt="hiện tại không ai yêu và không quan tâm đến tình yêu", txt="0" ),0, txt="đã kết hôn",3, txt="trong mối quan hệ mập mờ",2, txt="có người yêu",1, TRUE,0 ) ) -> 1 | AP12: 3 | AQ12: 3 | AR12: 3 | AS12: 3 | AT12: 3 | AU12: 3 | AV12: 3 | AW12: 3 | AX12: 3 | AY12: =sum(AP12:AX12) -> 27 | AZ12: =AY12-9 -> 18 | BA12: =if(AZ12 >= 10 ,1,0) -> 1 | BB12: =if(AZ12 >= 14 ,1,0) -> 1 | BC12: 3 | BD12: 3 | BE12: 3 | BF12: 3 | BG12: 3 | BH12: 3 | BI12: 3 | BJ12: =sum(BC12:BI12) -> 21 | BK12: =BJ12-7 -> 14 | BN12: 1 | BO12: Có | BP12: =if(BO12="Không",0,1) -> 1 | BQ12: 4 | BR12: 15 | BS12: Không | BT12: =if(BS12="Không",0,1) -> 0 | BV12: 5 | BW12: Không | BX12: Cha mẹ | BY12: Không | BZ12: Có một chút | CA12: =LET( txt,LOWER(TRIM(SUBSTITUTE(BZ12,CHAR(160)," "))), IFS( ISNUMBER(SEARCH("không",txt)),0, ISNUMBER(SEARCH("có một chút",txt)),1, ISNUMBER(SEARCH("thường xuyên",txt)),2, TRUE,"" ) ) -> 1 | CB12: Không | CC12: =LET( txt,LOWER(TRIM(SUBSTITUTE(CB12,CHAR(160)," "))), IFS( ISNUMBER(SEARCH("không",txt)),0, ISNUMBER(SEARCH("có một chút",txt)),1, ISNUMBER(SEARCH("thường xuyên",txt)),2, TRUE,"" ) ) -> 0 | CD12: Hiếm khi | CE12: =LET( txt,LOWER(TRIM(SUBSTITUTE(CD12,CHAR(160)," "))), IFS( ISNUMBER(SEARCH("hiếm khi",txt)),0, ISNUMBER(SEARCH("thỉnh thoảng",txt)),1, ISNUMBER(SEARCH("thường xuyên",txt)),2, TRUE,"" ) ) -> 0 | CF12: Hiếm khi | CG12: =LET( txt,LOWER(TRIM(SUBSTITUTE(CF12,CHAR(160)," "))), IFS( ISNUMBER(SEARCH("hiếm khi",txt)),0, ISNUMBER(SEARCH("thỉnh thoảng",txt)),1, ISNUMBER(SEARCH("thường xuyên",txt)),2, TRUE,"" ) ) -> 0 | CH12: Hiếm khi | CI12: =LET( txt,LOWER(TRIM(SUBSTITUTE(CH12,CHAR(160)," "))), IFS( ISNUMBER(SEARCH("hiếm khi",txt)),0, ISNUMBER(SEARCH("thỉnh thoảng",txt)),1, ISNUMBER(SEARCH("thường xuyên",txt)),2, TRUE,"" ) ) -> 0 | CJ12: TikTok | CK12: Sức khỏe thể chất, tinh thần, tình dục hoặc các hình thức khác, Các vấn đề liên quan đến tâm linh, tôn giáo hoặc văn hóa | CL12: 1-2 giờ mỗi ngày | CM12: =IFS( ISNUMBER(SEARCH("10-30",CL12)),0.33, ISNUMBER(SEARCH("31-60",CL12)),0.75, ISNUMBER(SEARCH("1-2",CL12)),1.5, ISNUMBER(SEARCH("3-4",CL12)),3.5, ISNUMBER(SEARCH("Hơn 5",CL12)),6, ISNUMBER(SEARCH("9 giờ",CL12)),9, ISNUMBER(SEARCH("18",CL12)),18, ISNUMBER(SEARCH("Không có",CL12)),0, ISNUMBER(SEARCH("Cả ngày",CL12)),18, ISNUMBER(SEARCH("Mọi lúc",CL12)),18, ISNUMBER(SEARCH("Hàng giờ",CL12)),12, ISNUMBER(SEARCH("không cố định",LOWER(CL12))),NA(), ISNUMBER(SEARCH("không theo",LOWER(CL12))),NA(), ISNUMBER(SEARCH("tranh thủ",LOWER(CL12))),NA(), ISNUMBER(SEARCH("tùy",LOWER(CL12))),NA(), ISNUMBER(SEARCH("sau 10h",LOWER(CL12))),2, TRUE,NA() ) -> 1.5 | CN12: Không | CO12: =if(CN12="Không", 0, if(CN12="Nhiều", 2, 1)) -> 0 | CP12: Không | CQ12: Không | CR12: Không | CS12: Không | CT12: Không | CU12: =if(CP12="Không",0,1) -> 0 | CV12: =if(CQ12="Không",0,1) -> 0 | CW12: =if(CR12="Không",0,1) -> 0 | CX12: =if(CS12="Không",0,1) -> 0 | CY12: =if(CT12="Không",0,1) -> 0 | CZ12: Không | DA12: =if(CZ12="Không",0,1) -> 0 | DB12: Không | DC12: =if(DB12="Không",0,1) -> 0 | DE12: Có | DF12: =if(DE12="Có", 1, 0) -> 1 | DG12: Không có | DH12: =if(DG12="Không có", 0, 1) -> 0 | DI12: Không | DJ12: =if(DI12="Không", 0, 1) -> 0 | DK12: Không, không bao giờ | DL12: =IFS( ISNUMBER(SEARCH("không",LOWER(DK12))),0, ISNUMBER(SEARCH("chưa",LOWER(DK12))),0, ISNUMBER(SEARCH("cả hai",LOWER(DK12))),3, AND(ISNUMBER(SEARCH("trước",LOWER(DK12))),ISNUMBER(SEARCH("đại học",LOWER(DK12)))),1, AND(ISNUMBER(SEARCH("kể từ khi",LOWER(DK12))),ISNUMBER(SEARCH("đại học",LOWER(DK12)))),2, ISNUMBER(SEARCH("thuốc",LOWER(DK12))),2, ISNUMBER(SEARCH("bác sĩ",LOWER(DK12))),2, TRUE,NA() ) -> 0 | DM12: 5 giờ trở lên | DN12: =LET( x,LOWER(TRIM(DM12)), IF(OR(x="không",x="0",x="hồi đó giờ ko chơi",x="hồi đó giờ không chơi"),0, IF(ISNUMBER(SEARCH("dưới 1",x)),0.5, IF(ISNUMBER(SEARCH("5 giờ trở lên",x)),5, IF(ISNUMBER(SEARCH("mỗi ngày",x)), IF(ISNUMBER(SEARCH("mỗi ngày ",x)), VALUE(MID(x,SEARCH("mỗi ngày ",x)+9,SEARCH(" giờ",x)-SEARCH("mỗi ngày ",x)-9))*7, VALUE(LEFT(x,SEARCH(" giờ",x)-1))*7 ), IF(ISNUMBER(SEARCH("-",x)), (VALUE(LEFT(x,SEARCH("-",x)-1))+VALUE(MID(x,SEARCH("-",x)+1,SEARCH(" giờ",x)-SEARCH("-",x)-1)))/2, IF(ISNUMBER(SEARCH(" giờ",x)), VALUE(LEFT(x,SEARCH(" giờ",x)-1)), "")))))) ) -> 5 | DO12: đá banh | DP12: Không | DQ12: =IF(DP12 = "Không", 0, 1) -> 0 | DS12: Không | DU12: Không
A13: 46003.628 | B13: TP. Hồ Chí Minh | C13: Nam | D13: =if(C13="Nam", 0, 1) -> 0 | E13: Dị tính (Heterosexual) | F13: =IFERROR(__xludf.DUMMYFUNCTION("LET( t, LOWER(TRIM(E13)), IFS( REGEXMATCH(t,""chuyển giới|transgender""), 6, REGEXMATCH(t,""vô tính|asexual|nam nữ.*không có nhu cầu""), 4, REGEXMATCH(t,""toàn tính|pansexual""), 5, REGEXMATCH(t,""song tính|bisexual|biromantic""), 1, "&" AND(REGEXMATCH(t,""đồng tính nam|\bgay\b""), NOT(REGEXMATCH(t,""not gay|không gay|ko gay""))), 2, REGEXMATCH(t,""đồng tính nữ|\blesbian\b|em thích nữ|thích nữ|mê nữ|sapphic""), 3, REGEXMATCH(t,""^\.$|^(không|ko|k|no)$|^(không có|ko có)$""), 8, "&" REGEXMATCH(t,""không biết|chưa rõ|chưa xác định|ko hiểu|huh|strange|\?{3,}|hong có.*không biết|vn chỉ có nam và nữ""), 7, REGEXMATCH(t,""dị tính|heterosexual|thẳng|straight|khác giới|thích khác giới|trai gái|quan hệ trai gái|nam\s*-\s*nữ|nam\s*nữ|"&"bình thường|normal|\bbth\b|\bbinh thuong\b|giới tính bình thường|xu hướng tính dục bth""), 0, TRUE, 7 ) )"),0.0) -> 0 | G13: Không | H13: =IFERROR(__xludf.DUMMYFUNCTION("LET( t, LOWER(TRIM(G13)), IFS( REGEXMATCH(t,""phật giáo hòa hảo""), 3, REGEXMATCH(t,""công giáo""), 1, REGEXMATCH(t,""phật giáo""), 2, REGEXMATCH(t,""hồi giáo""), 4, REGEXMATCH(t,""cao đài|cao dai""), 5, REGEXMATCH(t,""bà la mô"&"n|ba la mon""), 6, REGEXMATCH(t,""^kinh$""), 7, REGEXMATCH(t,""không tôn giáo|^(không|khong)$|^không có$|^khong co$|^không$|^không\s+$""), 0, TRUE, """" ) )"),0.0) -> 0 | I13: Ở cùng gia đình | J13: =IFERROR(__xludf.DUMMYFUNCTION("LET( text, LOWER(I13), IFERROR( IFS( REGEXMATCH(text,""ở cùng gia đình|ở trọ cùng gia đình""), 0, REGEXMATCH(text,""thuê trọ""), 1, REGEXMATCH(text,""ở ktx""), 2, REGEXMATCH(text,""có nhà tại khu vực đang học|có nhà|ở riêng"&" tại chung cư""), 3, REGEXMATCH(text,""ở nhà người quen""), 4 ), -1) )"),0.0) -> 0 | K13: Khá | L13: =IFERROR(__xludf.DUMMYFUNCTION("LET( t, LOWER(TRIM(K13)), IFERROR( IFS( REGEXMATCH(t,""xuất\s*sắc""), 0, REGEXMATCH(t,""^giỏi$""), 1, REGEXMATCH(t,""^khá$""), 2, REGEXMATCH(t,""trung bình|bình thường|^4$""), 3, REGEXMATCH(t,""rớt""), 4, REGEXM"&"ATCH(t,""năm nhất|tân sinh viên|mới|chưa|không|sắp thi|chuẩn bị thi|kq|kết quả|chưa có|chưa biết""), 5, TRUE, 5 ), 5) )"),2.0) -> 2 | M13: Do xu hướng thị trường | N13: =IFERROR(__xludf.DUMMYFUNCTION("LET( t, LOWER(TRIM(M13)), IFERROR( IFS( REGEXMATCH(t,""ko biết|không biết|hơm bt|hôm bt|khum biết|chưa biết|không rõ|câu không rõ""), 3, REGEXMATCH(t,""50/50|bình thường|phân vân|lúc này lúc kia|fomo|đuối|hơi đuối|hơi không chắc""), 1"&", REGEXMATCH(t,""không hợp|không phù hợp|hối hận|bất đắc dĩ|bất đắt dĩ|do không còn lựa chọn|không còn đam mê|mất đam mê|học không nổi""), 0, REGEXMATCH(t,""^có$|^có\b""), 0, REGEXMATCH(t,""^không$|^không\s|^không\.$|^không!$|^không,$|"&"^không\?$|phù hợp|siêu hợp|cảm thấy phù hợp|phù hợp rồi|ổn|ước mơ|tự chọn|năng lực|suy nghĩ""), 2, TRUE, 3 ), 3) )"),3.0) -> 3 | O13: Không | P13: =if(O13="Có", 1, 0) -> 0 | R13: =Q13 | V13: =IFERROR(__xludf.DUMMYFUNCTION("IFERROR(REGEXEXTRACT(U13,""\d+"")*1, """")"),"") | W13: =if(V13<>"", V13, 0) -> 0 | Z13: Không | AB13: Không | AC13: Không | AD13: Rất lo lắng | AE13: Có một chút | AF13: Có chút áp lực | AG13: Có chút ảnh hưởng | AH13: Có chút ảnh hưởng | AI13: Không bao giờ | AJ13: =LET( txt,LOWER(TRIM(SUBSTITUTE(AI13,CHAR(160)," "))), IFS( txt="không bao giờ",0, txt="hiếm khi (1–2 lần)",1, txt="thỉnh thoảng (vài lần)",2, txt="thường xuyên (thường xuyên trong vài tháng)",3, txt="luôn/rất thường xuyên",4, TRUE,"" ) ) -> 0 | AK13: Ảnh hưởng rất nhiều | AL13: =LET( txt,LOWER(TRIM(SUBSTITUTE(AK13,CHAR(160)," "))), IFS( OR( ISNUMBER(SEARCH("không có trải nghiệm",txt)), ISNUMBER(SEARCH("chưa từng",txt)) ),-1, txt="không ảnh hưởng",0, ISNUMBER(SEARCH("có chút",txt)),1, AND(ISNUMBER(SEARCH("ảnh hưởng",txt)),ISNUMBER(SEARCH("rất",txt))),3, ISNUMBER(SEARCH("ảnh hưởng nhiều",txt)),2, TRUE,"" ) ) -> 3 | AM13: Độc thân | AN13: =LET( txt,LOWER(TRIM(AM13)), IFS( OR( txt="độc thân", txt="chưa có ny", txt="không có người yêu !!!!", txt="ế", txt="không có bồ", txt="không có", txt=".", txt="không có người yêu", txt="chưa yêu ai", txt="dạ chưa có mối tình đầu luôn ạ", txt="ko có người yêu", txt="đang kiếm phú bà nào đó ok ok", txt="án treo", txt="không", txt="ế quắt", txt="hiện tại không ai yêu và không quan tâm đến tình yêu", txt="0" ),0, txt="đã kết hôn",3, txt="trong mối quan hệ mập mờ",2, txt="có người yêu",1, TRUE,0 ) ) -> 0 | AP13: 3 | AQ13: 3 | AR13: 1 | AS13: 2 | AT13: 1 | AU13: 3 | AV13: 4 | AW13: 2 | AX13: 1 | AY13: =sum(AP13:AX13) -> 20 | AZ13: =AY13-9 -> 11 | BA13: =if(AZ13 >= 10 ,1,0) -> 1 | BB13: =if(AZ13 >= 14 ,1,0) -> 0 | BC13: 2 | BD13: 3 | BE13: 3 | BF13: 1 | BG13: 3 | BH13: 3 | BI13: 2 | BJ13: =sum(BC13:BI13) -> 17 | BK13: =BJ13-7 -> 10 | BN13: 2 | BO13: Không | BP13: =if(BO13="Không",0,1) -> 0 | BQ13: 3 | BR13: 0 | BS13: Không | BT13: =if(BS13="Không",0,1) -> 0 | BV13: 3 | BW13: Không | BX13: Cha mẹ | BY13: Không | BZ13: Có một chút | CA13: =LET( txt,LOWER(TRIM(SUBSTITUTE(BZ13,CHAR(160)," "))), IFS( ISNUMBER(SEARCH("không",txt)),0, ISNUMBER(SEARCH("có một chút",txt)),1, ISNUMBER(SEARCH("thường xuyên",txt)),2, TRUE,"" ) ) -> 1 | CB13: Có một chút | CC13: =LET( txt,LOWER(TRIM(SUBSTITUTE(CB13,CHAR(160)," "))), IFS( ISNUMBER(SEARCH("không",txt)),0, ISNUMBER(SEARCH("có một chút",txt)),1, ISNUMBER(SEARCH("thường xuyên",txt)),2, TRUE,"" ) ) -> 1 | CD13: Hiếm khi | CE13: =LET( txt,LOWER(TRIM(SUBSTITUTE(CD13,CHAR(160)," "))), IFS( ISNUMBER(SEARCH("hiếm khi",txt)),0, ISNUMBER(SEARCH("thỉnh thoảng",txt)),1, ISNUMBER(SEARCH("thường xuyên",txt)),2, TRUE,"" ) ) -> 0 | CF13: Hiếm khi | CG13: =LET( txt,LOWER(TRIM(SUBSTITUTE(CF13,CHAR(160)," "))), IFS( ISNUMBER(SEARCH("hiếm khi",txt)),0, ISNUMBER(SEARCH("thỉnh thoảng",txt)),1, ISNUMBER(SEARCH("thường xuyên",txt)),2, TRUE,"" ) ) -> 0 | CH13: Thỉnh thoảng | CI13: =LET( txt,LOWER(TRIM(SUBSTITUTE(CH13,CHAR(160)," "))), IFS( ISNUMBER(SEARCH("hiếm khi",txt)),0, ISNUMBER(SEARCH("thỉnh thoảng",txt)),1, ISNUMBER(SEARCH("thường xuyên",txt)),2, TRUE,"" ) ) -> 1 | CJ13: Facebook | CK13: Không | CL13: 3-4 giờ mỗi ngày | CM13: =IFS( ISNUMBER(SEARCH("10-30",CL13)),0.33, ISNUMBER(SEARCH("31-60",CL13)),0.75, ISNUMBER(SEARCH("1-2",CL13)),1.5, ISNUMBER(SEARCH("3-4",CL13)),3.5, ISNUMBER(SEARCH("Hơn 5",CL13)),6, ISNUMBER(SEARCH("9 giờ",CL13)),9, ISNUMBER(SEARCH("18",CL13)),18, ISNUMBER(SEARCH("Không có",CL13)),0, ISNUMBER(SEARCH("Cả ngày",CL13)),18, ISNUMBER(SEARCH("Mọi lúc",CL13)),18, ISNUMBER(SEARCH("Hàng giờ",CL13)),12, ISNUMBER(SEARCH("không cố định",LOWER(CL13))),NA(), ISNUMBER(SEARCH("không theo",LOWER(CL13))),NA(), ISNUMBER(SEARCH("tranh thủ",LOWER(CL13))),NA(), ISNUMBER(SEARCH("tùy",LOWER(CL13))),NA(), ISNUMBER(SEARCH("sau 10h",LOWER(CL13))),2, TRUE,NA() ) -> 3.5 | CN13: Không | CO13: =if(CN13="Không", 0, if(CN13="Nhiều", 2, 1)) -> 0 | CP13: Không | CQ13: Không | CR13: Không | CS13: Không | CT13: Không | CU13: =if(CP13="Không",0,1) -> 0 | CV13: =if(CQ13="Không",0,1) -> 0 | CW13: =if(CR13="Không",0,1) -> 0 | CX13: =if(CS13="Không",0,1) -> 0 | CY13: =if(CT13="Không",0,1) -> 0 | CZ13: Không | DA13: =if(CZ13="Không",0,1) -> 0 | DB13: Không | DC13: =if(DB13="Không",0,1) -> 0 | DE13: Có | DF13: =if(DE13="Có", 1, 0) -> 1 | DG13: Không có | DH13: =if(DG13="Không có", 0, 1) -> 0 | DI13: Không | DJ13: =if(DI13="Không", 0, 1) -> 0 | DK13: Không, không bao giờ | DL13: =IFS( ISNUMBER(SEARCH("không",LOWER(DK13))),0, ISNUMBER(SEARCH("chưa",LOWER(DK13))),0, ISNUMBER(SEARCH("cả hai",LOWER(DK13))),3, AND(ISNUMBER(SEARCH("trước",LOWER(DK13))),ISNUMBER(SEARCH("đại học",LOWER(DK13)))),1, AND(ISNUMBER(SEARCH("kể từ khi",LOWER(DK13))),ISNUMBER(SEARCH("đại học",LOWER(DK13)))),2, ISNUMBER(SEARCH("thuốc",LOWER(DK13))),2, ISNUMBER(SEARCH("bác sĩ",LOWER(DK13))),2, TRUE,NA() ) -> 0 | DM13: 3-4 giờ | DN13: =LET( x,LOWER(TRIM(DM13)), IF(OR(x="không",x="0",x="hồi đó giờ ko chơi",x="hồi đó giờ không chơi"),0, IF(ISNUMBER(SEARCH("dưới 1",x)),0.5, IF(ISNUMBER(SEARCH("5 giờ trở lên",x)),5, IF(ISNUMBER(SEARCH("mỗi ngày",x)), IF(ISNUMBER(SEARCH("mỗi ngày ",x)), VALUE(MID(x,SEARCH("mỗi ngày ",x)+9,SEARCH(" giờ",x)-SEARCH("mỗi ngày ",x)-9))*7, VALUE(LEFT(x,SEARCH(" giờ",x)-1))*7 ), IF(ISNUMBER(SEARCH("-",x)), (VALUE(LEFT(x,SEARCH("-",x)-1))+VALUE(MID(x,SEARCH("-",x)+1,SEARCH(" giờ",x)-SEARCH("-",x)-1)))/2, IF(ISNUMBER(SEARCH(" giờ",x)), VALUE(LEFT(x,SEARCH(" giờ",x)-1)), "")))))) ) -> 3.5 | DO13: GYM | DP13: Không | DQ13: =IF(DP13 = "Không", 0, 1) -> 0 | DS13: Không | DU13: Có, vô tình | DW13: Không giữ em bé
A14: 46003.628 | B14: Lâm Đồng | C14: Nam | D14: =if(C14="Nam", 0, 1) -> 0 | E14: Bình Thường | F14: =IFERROR(__xludf.DUMMYFUNCTION("LET( t, LOWER(TRIM(E14)), IFS( REGEXMATCH(t,""chuyển giới|transgender""), 6, REGEXMATCH(t,""vô tính|asexual|nam nữ.*không có nhu cầu""), 4, REGEXMATCH(t,""toàn tính|pansexual""), 5, REGEXMATCH(t,""song tính|bisexual|biromantic""), 1, "&" AND(REGEXMATCH(t,""đồng tính nam|\bgay\b""), NOT(REGEXMATCH(t,""not gay|không gay|ko gay""))), 2, REGEXMATCH(t,""đồng tính nữ|\blesbian\b|em thích nữ|thích nữ|mê nữ|sapphic""), 3, REGEXMATCH(t,""^\.$|^(không|ko|k|no)$|^(không có|ko có)$""), 8, "&" REGEXMATCH(t,""không biết|chưa rõ|chưa xác định|ko hiểu|huh|strange|\?{3,}|hong có.*không biết|vn chỉ có nam và nữ""), 7, REGEXMATCH(t,""dị tính|heterosexual|thẳng|straight|khác giới|thích khác giới|trai gái|quan hệ trai gái|nam\s*-\s*nữ|nam\s*nữ|"&"bình thường|normal|\bbth\b|\bbinh thuong\b|giới tính bình thường|xu hướng tính dục bth""), 0, TRUE, 7 ) )"),0.0) -> 0 | G14: Công giáo | H14: =IFERROR(__xludf.DUMMYFUNCTION("LET( t, LOWER(TRIM(G14)), IFS( REGEXMATCH(t,""phật giáo hòa hảo""), 3, REGEXMATCH(t,""công giáo""), 1, REGEXMATCH(t,""phật giáo""), 2, REGEXMATCH(t,""hồi giáo""), 4, REGEXMATCH(t,""cao đài|cao dai""), 5, REGEXMATCH(t,""bà la mô"&"n|ba la mon""), 6, REGEXMATCH(t,""^kinh$""), 7, REGEXMATCH(t,""không tôn giáo|^(không|khong)$|^không có$|^khong co$|^không$|^không\s+$""), 0, TRUE, """" ) )"),1.0) -> 1 | I14: Thuê trọ | J14: =IFERROR(__xludf.DUMMYFUNCTION("LET( text, LOWER(I14), IFERROR( IFS( REGEXMATCH(text,""ở cùng gia đình|ở trọ cùng gia đình""), 0, REGEXMATCH(text,""thuê trọ""), 1, REGEXMATCH(text,""ở ktx""), 2, REGEXMATCH(text,""có nhà tại khu vực đang học|có nhà|ở riêng"&" tại chung cư""), 3, REGEXMATCH(text,""ở nhà người quen""), 4 ), -1) )"),1.0) -> 1 | K14: Khá | L14: =IFERROR(__xludf.DUMMYFUNCTION("LET( t, LOWER(TRIM(K14)), IFERROR( IFS( REGEXMATCH(t,""xuất\s*sắc""), 0, REGEXMATCH(t,""^giỏi$""), 1, REGEXMATCH(t,""^khá$""), 2, REGEXMATCH(t,""trung bình|bình thường|^4$""), 3, REGEXMATCH(t,""rớt""), 4, REGEXM"&"ATCH(t,""năm nhất|tân sinh viên|mới|chưa|không|sắp thi|chuẩn bị thi|kq|kết quả|chưa có|chưa biết""), 5, TRUE, 5 ), 5) )"),2.0) -> 2 | M14: Tự chọn | N14: =IFERROR(__xludf.DUMMYFUNCTION("LET( t, LOWER(TRIM(M14)), IFERROR( IFS( REGEXMATCH(t,""ko biết|không biết|hơm bt|hôm bt|khum biết|chưa biết|không rõ|câu không rõ""), 3, REGEXMATCH(t,""50/50|bình thường|phân vân|lúc này lúc kia|fomo|đuối|hơi đuối|hơi không chắc""), 1"&", REGEXMATCH(t,""không hợp|không phù hợp|hối hận|bất đắc dĩ|bất đắt dĩ|do không còn lựa chọn|không còn đam mê|mất đam mê|học không nổi""), 0, REGEXMATCH(t,""^có$|^có\b""), 0, REGEXMATCH(t,""^không$|^không\s|^không\.$|^không!$|^không,$|"&"^không\?$|phù hợp|siêu hợp|cảm thấy phù hợp|phù hợp rồi|ổn|ước mơ|tự chọn|năng lực|suy nghĩ""), 2, TRUE, 3 ), 3) )"),2.0) -> 2 | O14: Không | P14: =if(O14="Có", 1, 0) -> 0 | R14: =Q14 | V14: =IFERROR(__xludf.DUMMYFUNCTION("IFERROR(REGEXEXTRACT(U14,""\d+"")*1, """")"),"") | W14: =if(V14<>"", V14, 0) -> 0 | Z14: Không | AB14: Không | AC14: Không | AD14: Có một chút | AE14: Không | AF14: Áp lực nhiều | AG14: Không ảnh hưởng | AH14: Ảnh hưởng rất nhiều | AI14: Hiếm khi (1–2 lần) | AJ14: =LET( txt,LOWER(TRIM(SUBSTITUTE(AI14,CHAR(160)," "))), IFS( txt="không bao giờ",0, txt="hiếm khi (1–2 lần)",1, txt="thỉnh thoảng (vài lần)",2, txt="thường xuyên (thường xuyên trong vài tháng)",3, txt="luôn/rất thường xuyên",4, TRUE,"" ) ) -> 1 | AK14: Ảnh hưởng nhiều | AL14: =LET( txt,LOWER(TRIM(SUBSTITUTE(AK14,CHAR(160)," "))), IFS( OR( ISNUMBER(SEARCH("không có trải nghiệm",txt)), ISNUMBER(SEARCH("chưa từng",txt)) ),-1, txt="không ảnh hưởng",0, ISNUMBER(SEARCH("có chút",txt)),1, AND(ISNUMBER(SEARCH("ảnh hưởng",txt)),ISNUMBER(SEARCH("rất",txt))),3, ISNUMBER(SEARCH("ảnh hưởng nhiều",txt)),2, TRUE,"" ) ) -> 2 | AM14: Trong mối quan hệ mập mờ | AN14: =LET( txt,LOWER(TRIM(AM14)), IFS( OR( txt="độc thân", txt="chưa có ny", txt="không có người yêu !!!!", txt="ế", txt="không có bồ", txt="không có", txt=".", txt="không có người yêu", txt="chưa yêu ai", txt="dạ chưa có mối tình đầu luôn ạ", txt="ko có người yêu", txt="đang kiếm phú bà nào đó ok ok", txt="án treo", txt="không", txt="ế quắt", txt="hiện tại không ai yêu và không quan tâm đến tình yêu", txt="0" ),0, txt="đã kết hôn",3, txt="trong mối quan hệ mập mờ",2, txt="có người yêu",1, TRUE,0 ) ) -> 2 | AP14: 4 | AQ14: 1 | AR14: 4 | AS14: 2 | AT14: 1 | AU14: 2 | AV14: 4 | AW14: 1 | AX14: 1 | AY14: =sum(AP14:AX14) -> 20 | AZ14: =AY14-9 -> 11 | BA14: =if(AZ14 >= 10 ,1,0) -> 1 | BB14: =if(AZ14 >= 14 ,1,0) -> 0 | BC14: 1 | BD14: 1 | BE14: 1 | BF14: 1 | BG14: 1 | BH14: 1 | BI14: 1 | BJ14: =sum(BC14:BI14) -> 7 | BK14: =BJ14-7 -> 0 | BN14: 3 | BO14: Không | BP14: =if(BO14="Không",0,1) -> 0 | BQ14: 1 | BR14: khônh | BS14: Có | BT14: =if(BS14="Không",0,1) -> 1 | BU14: Gia đình | BV14: 3 | BW14: Có | BX14: Cha mẹ | BY14: Không | BZ14: Không | CA14: =LET( txt,LOWER(TRIM(SUBSTITUTE(BZ14,CHAR(160)," "))), IFS( ISNUMBER(SEARCH("không",txt)),0, ISNUMBER(SEARCH("có một chút",txt)),1, ISNUMBER(SEARCH("thường xuyên",txt)),2, TRUE,"" ) ) -> 0 | CB14: Không | CC14: =LET( txt,LOWER(TRIM(SUBSTITUTE(CB14,CHAR(160)," "))), IFS( ISNUMBER(SEARCH("không",txt)),0, ISNUMBER(SEARCH("có một chút",txt)),1, ISNUMBER(SEARCH("thường xuyên",txt)),2, TRUE,"" ) ) -> 0 | CD14: Hiếm khi | CE14: =LET( txt,LOWER(TRIM(SUBSTITUTE(CD14,CHAR(160)," "))), IFS( ISNUMBER(SEARCH("hiếm khi",txt)),0, ISNUMBER(SEARCH("thỉnh thoảng",txt)),1, ISNUMBER(SEARCH("thường xuyên",txt)),2, TRUE,"" ) ) -> 0 | CF14: Hiếm khi | CG14: =LET( txt,LOWER(TRIM(SUBSTITUTE(CF14,CHAR(160)," "))), IFS( ISNUMBER(SEARCH("hiếm khi",txt)),0, ISNUMBER(SEARCH("thỉnh thoảng",txt)),1, ISNUMBER(SEARCH("thường xuyên",txt)),2, TRUE,"" ) ) -> 0 | CH14: Hiếm khi | CI14: =LET( txt,LOWER(TRIM(SUBSTITUTE(CH14,CHAR(160)," "))), IFS( ISNUMBER(SEARCH("hiếm khi",txt)),0, ISNUMBER(SEARCH("thỉnh thoảng",txt)),1, ISNUMBER(SEARCH("thường xuyên",txt)),2, TRUE,"" ) ) -> 0 | CJ14: Instagram | CK14: Phân biệt đối xử dựa trên bản dạng xã hội, Sức khỏe thể chất, tinh thần, tình dục hoặc các hình thức khác, Bạo lực tình dục, Các chủ đề liên quan đến bạo lực khác | CL14: Hơn 5 giờ mỗi ngày | CM14: =IFS( ISNUMBER(SEARCH("10-30",CL14)),0.33, ISNUMBER(SEARCH("31-60",CL14)),0.75, ISNUMBER(SEARCH("1-2",CL14)),1.5, ISNUMBER(SEARCH("3-4",CL14)),3.5, ISNUMBER(SEARCH("Hơn 5",CL14)),6, ISNUMBER(SEARCH("9 giờ",CL14)),9, ISNUMBER(SEARCH("18",CL14)),18, ISNUMBER(SEARCH("Không có",CL14)),0, ISNUMBER(SEARCH("Cả ngày",CL14)),18, ISNUMBER(SEARCH("Mọi lúc",CL14)),18, ISNUMBER(SEARCH("Hàng giờ",CL14)),12, ISNUMBER(SEARCH("không cố định",LOWER(CL14))),NA(), ISNUMBER(SEARCH("không theo",LOWER(CL14))),NA(), ISNUMBER(SEARCH("tranh thủ",LOWER(CL14))),NA(), ISNUMBER(SEARCH("tùy",LOWER(CL14))),NA(), ISNUMBER(SEARCH("sau 10h",LOWER(CL14))),2, TRUE,NA() ) -> 6 | CN14: Không | CO14: =if(CN14="Không", 0, if(CN14="Nhiều", 2, 1)) -> 0 | CP14: Không | CQ14: Không | CR14: Không | CS14: Có | CT14: Không | CU14: =if(CP14="Không",0,1) -> 0 | CV14: =if(CQ14="Không",0,1) -> 0 | CW14: =if(CR14="Không",0,1) -> 0 | CX14: =if(CS14="Không",0,1) -> 1 | CY14: =if(CT14="Không",0,1) -> 0 | CZ14: Không | DA14: =if(CZ14="Không",0,1) -> 0 | DB14: Không | DC14: =if(DB14="Không",0,1) -> 0 | DE14: Có | DF14: =if(DE14="Có", 1, 0) -> 1 | DG14: Không có | DH14: =if(DG14="Không có", 0, 1) -> 0 | DI14: Rối loạn nhân cách (ví dụ: rối loạn nhân cách chống đối xã hội, rối loạn nhân cách hoang tưởng, rối loạn nhân cách phân liệt) | DJ14: =if(DI14="Không", 0, 1) -> 1 | DK14: Có, trước khi vào đại học | DL14: =IFS( ISNUMBER(SEARCH("không",LOWER(DK14))),0, ISNUMBER(SEARCH("chưa",LOWER(DK14))),0, ISNUMBER(SEARCH("cả hai",LOWER(DK14))),3, AND(ISNUMBER(SEARCH("trước",LOWER(DK14))),ISNUMBER(SEARCH("đại học",LOWER(DK14)))),1, AND(ISNUMBER(SEARCH("kể từ khi",LOWER(DK14))),ISNUMBER(SEARCH("đại học",LOWER(DK14)))),2, ISNUMBER(SEARCH("thuốc",LOWER(DK14))),2, ISNUMBER(SEARCH("bác sĩ",LOWER(DK14))),2, TRUE,NA() ) -> 1 | DM14: 3-4 giờ | DN14: =LET( x,LOWER(TRIM(DM14)), IF(OR(x="không",x="0",x="hồi đó giờ ko chơi",x="hồi đó giờ không chơi"),0, IF(ISNUMBER(SEARCH("dưới 1",x)),0.5, IF(ISNUMBER(SEARCH("5 giờ trở lên",x)),5, IF(ISNUMBER(SEARCH("mỗi ngày",x)), IF(ISNUMBER(SEARCH("mỗi ngày ",x)), VALUE(MID(x,SEARCH("mỗi ngày ",x)+9,SEARCH(" giờ",x)-SEARCH("mỗi ngày ",x)-9))*7, VALUE(LEFT(x,SEARCH(" giờ",x)-1))*7 ), IF(ISNUMBER(SEARCH("-",x)), (VALUE(LEFT(x,SEARCH("-",x)-1))+VALUE(MID(x,SEARCH("-",x)+1,SEARCH(" giờ",x)-SEARCH("-",x)-1)))/2, IF(ISNUMBER(SEARCH(" giờ",x)), VALUE(LEFT(x,SEARCH(" giờ",x)-1)), "")))))) ) -> 3.5 | DO14: Chạy bộ, Cầu lông, bóng đá | DP14: Không | DQ14: =IF(DP14 = "Không", 0, 1) -> 0 | DS14: Không | DU14: Không
A15: 46003.628 | B15: Bình Thuận | C15: Nam | D15: =if(C15="Nam", 0, 1) -> 0 | E15: bình thường | F15: =IFERROR(__xludf.DUMMYFUNCTION("LET( t, LOWER(TRIM(E15)), IFS( REGEXMATCH(t,""chuyển giới|transgender""), 6, REGEXMATCH(t,""vô tính|asexual|nam nữ.*không có nhu cầu""), 4, REGEXMATCH(t,""toàn tính|pansexual""), 5, REGEXMATCH(t,""song tính|bisexual|biromantic""), 1, "&" AND(REGEXMATCH(t,""đồng tính nam|\bgay\b""), NOT(REGEXMATCH(t,""not gay|không gay|ko gay""))), 2, REGEXMATCH(t,""đồng tính nữ|\blesbian\b|em thích nữ|thích nữ|mê nữ|sapphic""), 3, REGEXMATCH(t,""^\.$|^(không|ko|k|no)$|^(không có|ko có)$""), 8, "&" REGEXMATCH(t,""không biết|chưa rõ|chưa xác định|ko hiểu|huh|strange|\?{3,}|hong có.*không biết|vn chỉ có nam và nữ""), 7, REGEXMATCH(t,""dị tính|heterosexual|thẳng|straight|khác giới|thích khác giới|trai gái|quan hệ trai gái|nam\s*-\s*nữ|nam\s*nữ|"&"bình thường|normal|\bbth\b|\bbinh thuong\b|giới tính bình thường|xu hướng tính dục bth""), 0, TRUE, 7 ) )"),0.0) -> 0 | G15: Không | H15: =IFERROR(__xludf.DUMMYFUNCTION("LET( t, LOWER(TRIM(G15)), IFS( REGEXMATCH(t,""phật giáo hòa hảo""), 3, REGEXMATCH(t,""công giáo""), 1, REGEXMATCH(t,""phật giáo""), 2, REGEXMATCH(t,""hồi giáo""), 4, REGEXMATCH(t,""cao đài|cao dai""), 5, REGEXMATCH(t,""bà la mô"&"n|ba la mon""), 6, REGEXMATCH(t,""^kinh$""), 7, REGEXMATCH(t,""không tôn giáo|^(không|khong)$|^không có$|^khong co$|^không$|^không\s+$""), 0, TRUE, """" ) )"),0.0) -> 0 | I15: Thuê trọ | J15: =IFERROR(__xludf.DUMMYFUNCTION("LET( text, LOWER(I15), IFERROR( IFS( REGEXMATCH(text,""ở cùng gia đình|ở trọ cùng gia đình""), 0, REGEXMATCH(text,""thuê trọ""), 1, REGEXMATCH(text,""ở ktx""), 2, REGEXMATCH(text,""có nhà tại khu vực đang học|có nhà|ở riêng"&" tại chung cư""), 3, REGEXMATCH(text,""ở nhà người quen""), 4 ), -1) )"),1.0) -> 1 | K15: Khá | L15: =IFERROR(__xludf.DUMMYFUNCTION("LET( t, LOWER(TRIM(K15)), IFERROR( IFS( REGEXMATCH(t,""xuất\s*sắc""), 0, REGEXMATCH(t,""^giỏi$""), 1, REGEXMATCH(t,""^khá$""), 2, REGEXMATCH(t,""trung bình|bình thường|^4$""), 3, REGEXMATCH(t,""rớt""), 4, REGEXM"&"ATCH(t,""năm nhất|tân sinh viên|mới|chưa|không|sắp thi|chuẩn bị thi|kq|kết quả|chưa có|chưa biết""), 5, TRUE, 5 ), 5) )"),2.0) -> 2 | M15: Tự chọn | N15: =IFERROR(__xludf.DUMMYFUNCTION("LET( t, LOWER(TRIM(M15)), IFERROR( IFS( REGEXMATCH(t,""ko biết|không biết|hơm bt|hôm bt|khum biết|chưa biết|không rõ|câu không rõ""), 3, REGEXMATCH(t,""50/50|bình thường|phân vân|lúc này lúc kia|fomo|đuối|hơi đuối|hơi không chắc""), 1"&", REGEXMATCH(t,""không hợp|không phù hợp|hối hận|bất đắc dĩ|bất đắt dĩ|do không còn lựa chọn|không còn đam mê|mất đam mê|học không nổi""), 0, REGEXMATCH(t,""^có$|^có\b""), 0, REGEXMATCH(t,""^không$|^không\s|^không\.$|^không!$|^không,$|"&"^không\?$|phù hợp|siêu hợp|cảm thấy phù hợp|phù hợp rồi|ổn|ước mơ|tự chọn|năng lực|suy nghĩ""), 2, TRUE, 3 ), 3) )"),2.0) -> 2 | O15: Có | P15: =if(O15="Có", 1, 0) -> 1 | Q15: 1 | R15: =Q15 -> 1 | S15: Nhân viên phục vụ, bán hàng, | U15: <=40h/ tuần | V15: =IFERROR(__xludf.DUMMYFUNCTION("IFERROR(REGEXEXTRACT(U15,""\d+"")*1, """")"),40.0) -> 40 | W15: =if(V15<>"", V15, 0) -> 40 | X15: 0.25 | Y15: 0 | Z15: Không | AB15: Không | AC15: Không | AD15: Rất lo lắng | AE15: Không | AF15: Áp lực nhiều | AG15: Ảnh hưởng nhiều | AH15: Ảnh hưởng nhiều | AI15: Hiếm khi (1–2 lần) | AJ15: =LET( txt,LOWER(TRIM(SUBSTITUTE(AI15,CHAR(160)," "))), IFS( txt="không bao giờ",0, txt="hiếm khi (1–2 lần)",1, txt="thỉnh thoảng (vài lần)",2, txt="thường xuyên (thường xuyên trong vài tháng)",3, txt="luôn/rất thường xuyên",4, TRUE,"" ) ) -> 1 | AK15: Không có trải nghiệm/ Chưa từng chia tay | AL15: =LET( txt,LOWER(TRIM(SUBSTITUTE(AK15,CHAR(160)," "))), IFS( OR( ISNUMBER(SEARCH("không có trải nghiệm",txt)), ISNUMBER(SEARCH("chưa từng",txt)) ),-1, txt="không ảnh hưởng",0, ISNUMBER(SEARCH("có chút",txt)),1, AND(ISNUMBER(SEARCH("ảnh hưởng",txt)),ISNUMBER(SEARCH("rất",txt))),3, ISNUMBER(SEARCH("ảnh hưởng nhiều",txt)),2, TRUE,"" ) ) -> -1 | AM15: Có người yêu | AN15: =LET( txt,LOWER(TRIM(AM15)), IFS( OR( txt="độc thân", txt="chưa có ny", txt="không có người yêu !!!!", txt="ế", txt="không có bồ", txt="không có", txt=".", txt="không có người yêu", txt="chưa yêu ai", txt="dạ chưa có mối tình đầu luôn ạ", txt="ko có người yêu", txt="đang kiếm phú bà nào đó ok ok", txt="án treo", txt="không", txt="ế quắt", txt="hiện tại không ai yêu và không quan tâm đến tình yêu", txt="0" ),0, txt="đã kết hôn",3, txt="trong mối quan hệ mập mờ",2, txt="có người yêu",1, TRUE,0 ) ) -> 1 | AP15: 1 | AQ15: 1 | AR15: 1 | AS15: 1 | AT15: 1 | AU15: 1 | AV15: 1 | AW15: 1 | AX15: 1 | AY15: =sum(AP15:AX15) -> 9 | AZ15: =AY15-9 -> 0 | BA15: =if(AZ15 >= 10 ,1,0) -> 0 | BB15: =if(AZ15 >= 14 ,1,0) -> 0 | BC15: 1 | BD15: 1 | BE15: 2 | BF15: 1 | BG15: 1 | BH15: 1 | BI15: 1 | BJ15: =sum(BC15:BI15) -> 8 | BK15: =BJ15-7 -> 1 | BN15: 1 | BO15: Không | BP15: =if(BO15="Không",0,1) -> 0 | BQ15: 1 | BR15: 0 | BS15: Không | BT15: =if(BS15="Không",0,1) -> 0 | BV15: 1 | BW15: Không | BX15: Cha mẹ | BY15: Không | BZ15: Không | CA15: =LET( txt,LOWER(TRIM(SUBSTITUTE(BZ15,CHAR(160)," "))), IFS( ISNUMBER(SEARCH("không",txt)),0, ISNUMBER(SEARCH("có một chút",txt)),1, ISNUMBER(SEARCH("thường xuyên",txt)),2, TRUE,"" ) ) -> 0 | CB15: Có một chút | CC15: =LET( txt,LOWER(TRIM(SUBSTITUTE(CB15,CHAR(160)," "))), IFS( ISNUMBER(SEARCH("không",txt)),0, ISNUMBER(SEARCH("có một chút",txt)),1, ISNUMBER(SEARCH("thường xuyên",txt)),2, TRUE,"" ) ) -> 1 | CD15: Thỉnh thoảng | CE15: =LET( txt,LOWER(TRIM(SUBSTITUTE(CD15,CHAR(160)," "))), IFS( ISNUMBER(SEARCH("hiếm khi",txt)),0, ISNUMBER(SEARCH("thỉnh thoảng",txt)),1, ISNUMBER(SEARCH("thường xuyên",txt)),2, TRUE,"" ) ) -> 1 | CF15: Hiếm khi | CG15: =LET( txt,LOWER(TRIM(SUBSTITUTE(CF15,CHAR(160)," "))), IFS( ISNUMBER(SEARCH("hiếm khi",txt)),0, ISNUMBER(SEARCH("thỉnh thoảng",txt)),1, ISNUMBER(SEARCH("thường xuyên",txt)),2, TRUE,"" ) ) -> 0 | CH15: Hiếm khi | CI15: =LET( txt,LOWER(TRIM(SUBSTITUTE(CH15,CHAR(160)," "))), IFS( ISNUMBER(SEARCH("hiếm khi",txt)),0, ISNUMBER(SEARCH("thỉnh thoảng",txt)),1, ISNUMBER(SEARCH("thường xuyên",txt)),2, TRUE,"" ) ) -> 0 | CJ15: TikTok | CK15: Không | CL15: Không có gì cả | CM15: =IFS( ISNUMBER(SEARCH("10-30",CL15)),0.33, ISNUMBER(SEARCH("31-60",CL15)),0.75, ISNUMBER(SEARCH("1-2",CL15)),1.5, ISNUMBER(SEARCH("3-4",CL15)),3.5, ISNUMBER(SEARCH("Hơn 5",CL15)),6, ISNUMBER(SEARCH("9 giờ",CL15)),9, ISNUMBER(SEARCH("18",CL15)),18, ISNUMBER(SEARCH("Không có",CL15)),0, ISNUMBER(SEARCH("Cả ngày",CL15)),18, ISNUMBER(SEARCH("Mọi lúc",CL15)),18, ISNUMBER(SEARCH("Hàng giờ",CL15)),12, ISNUMBER(SEARCH("không cố định",LOWER(CL15))),NA(), ISNUMBER(SEARCH("không theo",LOWER(CL15))),NA(), ISNUMBER(SEARCH("tranh thủ",LOWER(CL15))),NA(), ISNUMBER(SEARCH("tùy",LOWER(CL15))),NA(), ISNUMBER(SEARCH("sau 10h",LOWER(CL15))),2, TRUE,NA() ) -> 0 | CN15: Không | CO15: =if(CN15="Không", 0, if(CN15="Nhiều", 2, 1)) -> 0 | CP15: Không | CQ15: Không | CR15: Không | CS15: Không | CT15: Không | CU15: =if(CP15="Không",0,1) -> 0 | CV15: =if(CQ15="Không",0,1) -> 0 | CW15: =if(CR15="Không",0,1) -> 0 | CX15: =if(CS15="Không",0,1) -> 0 | CY15: =if(CT15="Không",0,1) -> 0 | CZ15: Không | DA15: =if(CZ15="Không",0,1) -> 0 | DB15: Không | DC15: =if(DB15="Không",0,1) -> 0 | DE15: Có | DF15: =if(DE15="Có", 1, 0) -> 1 | DG15: Không có | DH15: =if(DG15="Không có", 0, 1) -> 0 | DI15: Không | DJ15: =if(DI15="Không", 0, 1) -> 0 | DK15: Không, không bao giờ | DL15: =IFS( ISNUMBER(SEARCH("không",LOWER(DK15))),0, ISNUMBER(SEARCH("chưa",LOWER(DK15))),0, ISNUMBER(SEARCH("cả hai",LOWER(DK15))),3, AND(ISNUMBER(SEARCH("trước",LOWER(DK15))),ISNUMBER(SEARCH("đại học",LOWER(DK15)))),1, AND(ISNUMBER(SEARCH("kể từ khi",LOWER(DK15))),ISNUMBER(SEARCH("đại học",LOWER(DK15)))),2, ISNUMBER(SEARCH("thuốc",LOWER(DK15))),2, ISNUMBER(SEARCH("bác sĩ",LOWER(DK15))),2, TRUE,NA() ) -> 0 | DM15: Dưới 1 giờ | DN15: =LET( x,LOWER(TRIM(DM15)), IF(OR(x="không",x="0",x="hồi đó giờ ko chơi",x="hồi đó giờ không chơi"),0, IF(ISNUMBER(SEARCH("dưới 1",x)),0.5, IF(ISNUMBER(SEARCH("5 giờ trở lên",x)),5, IF(ISNUMBER(SEARCH("mỗi ngày",x)), IF(ISNUMBER(SEARCH("mỗi ngày ",x)), VALUE(MID(x,SEARCH("mỗi ngày ",x)+9,SEARCH(" giờ",x)-SEARCH("mỗi ngày ",x)-9))*7, VALUE(LEFT(x,SEARCH(" giờ",x)-1))*7 ), IF(ISNUMBER(SEARCH("-",x)), (VALUE(LEFT(x,SEARCH("-",x)-1))+VALUE(MID(x,SEARCH("-",x)+1,SEARCH(" giờ",x)-SEARCH("-",x)-1)))/2, IF(ISNUMBER(SEARCH(" giờ",x)), VALUE(LEFT(x,SEARCH(" giờ",x)-1)), "")))))) ) -> 0.5 | DO15: Đi bộ | DP15: Có | DQ15: =IF(DP15 = "Không", 0, 1) -> 1 | DR15: Bạn bè, Người lạ | DS15: Không | DU15: Không
A16: 46003.629 | B16: Quảng Ngãi | C16: Nam | D16: =if(C16="Nam", 0, 1) -> 0 | E16: Dị tính (Heterosexual) | F16: =IFERROR(__xludf.DUMMYFUNCTION("LET( t, LOWER(TRIM(E16)), IFS( REGEXMATCH(t,""chuyển giới|transgender""), 6, REGEXMATCH(t,""vô tính|asexual|nam nữ.*không có nhu cầu""), 4, REGEXMATCH(t,""toàn tính|pansexual""), 5, REGEXMATCH(t,""song tính|bisexual|biromantic""), 1, "&" AND(REGEXMATCH(t,""đồng tính nam|\bgay\b""), NOT(REGEXMATCH(t,""not gay|không gay|ko gay""))), 2, REGEXMATCH(t,""đồng tính nữ|\blesbian\b|em thích nữ|thích nữ|mê nữ|sapphic""), 3, REGEXMATCH(t,""^\.$|^(không|ko|k|no)$|^(không có|ko có)$""), 8, "&" REGEXMATCH(t,""không biết|chưa rõ|chưa xác định|ko hiểu|huh|strange|\?{3,}|hong có.*không biết|vn chỉ có nam và nữ""), 7, REGEXMATCH(t,""dị tính|heterosexual|thẳng|straight|khác giới|thích khác giới|trai gái|quan hệ trai gái|nam\s*-\s*nữ|nam\s*nữ|"&"bình thường|normal|\bbth\b|\bbinh thuong\b|giới tính bình thường|xu hướng tính dục bth""), 0, TRUE, 7 ) )"),0.0) -> 0 | G16: Không | H16: =IFERROR(__xludf.DUMMYFUNCTION("LET( t, LOWER(TRIM(G16)), IFS( REGEXMATCH(t,""phật giáo hòa hảo""), 3, REGEXMATCH(t,""công giáo""), 1, REGEXMATCH(t,""phật giáo""), 2, REGEXMATCH(t,""hồi giáo""), 4, REGEXMATCH(t,""cao đài|cao dai""), 5, REGEXMATCH(t,""bà la mô"&"n|ba la mon""), 6, REGEXMATCH(t,""^kinh$""), 7, REGEXMATCH(t,""không tôn giáo|^(không|khong)$|^không có$|^khong co$|^không$|^không\s+$""), 0, TRUE, """" ) )"),0.0) -> 0 | I16: Ở cùng gia đình | J16: =IFERROR(__xludf.DUMMYFUNCTION("LET( text, LOWER(I16), IFERROR( IFS( REGEXMATCH(text,""ở cùng gia đình|ở trọ cùng gia đình""), 0, REGEXMATCH(text,""thuê trọ""), 1, REGEXMATCH(text,""ở ktx""), 2, REGEXMATCH(text,""có nhà tại khu vực đang học|có nhà|ở riêng"&" tại chung cư""), 3, REGEXMATCH(text,""ở nhà người quen""), 4 ), -1) )"),0.0) -> 0 | K16: Khá | L16: =IFERROR(__xludf.DUMMYFUNCTION("LET( t, LOWER(TRIM(K16)), IFERROR( IFS( REGEXMATCH(t,""xuất\s*sắc""), 0, REGEXMATCH(t,""^giỏi$""), 1, REGEXMATCH(t,""^khá$""), 2, REGEXMATCH(t,""trung bình|bình thường|^4$""), 3, REGEXMATCH(t,""rớt""), 4, REGEXM"&"ATCH(t,""năm nhất|tân sinh viên|mới|chưa|không|sắp thi|chuẩn bị thi|kq|kết quả|chưa có|chưa biết""), 5, TRUE, 5 ), 5) )"),2.0) -> 2 | M16: Do xu hướng thị trường | N16: =IFERROR(__xludf.DUMMYFUNCTION("LET( t, LOWER(TRIM(M16)), IFERROR( IFS( REGEXMATCH(t,""ko biết|không biết|hơm bt|hôm bt|khum biết|chưa biết|không rõ|câu không rõ""), 3, REGEXMATCH(t,""50/50|bình thường|phân vân|lúc này lúc kia|fomo|đuối|hơi đuối|hơi không chắc""), 1"&", REGEXMATCH(t,""không hợp|không phù hợp|hối hận|bất đắc dĩ|bất đắt dĩ|do không còn lựa chọn|không còn đam mê|mất đam mê|học không nổi""), 0, REGEXMATCH(t,""^có$|^có\b""), 0, REGEXMATCH(t,""^không$|^không\s|^không\.$|^không!$|^không,$|"&"^không\?$|phù hợp|siêu hợp|cảm thấy phù hợp|phù hợp rồi|ổn|ước mơ|tự chọn|năng lực|suy nghĩ""), 2, TRUE, 3 ), 3) )"),3.0) -> 3 | O16: Có | P16: =if(O16="Có", 1, 0) -> 1 | Q16: 1 | R16: =Q16 -> 1 | S16: Gia sư - Trợ giảng | U16: <=20h/tuần | V16: =IFERROR(__xludf.DUMMYFUNCTION("IFERROR(REGEXEXTRACT(U16,""\d+"")*1, """")"),20.0) -> 20 | W16: =if(V16<>"", V16, 0) -> 20 | X16: 20 | Y16: 20 | Z16: Không | AB16: Không | AC16: Không | AD16: Rất lo lắng | AE16: Không | AF16: Không áp lực | AG16: Ảnh hưởng nhiều | AH16: Ảnh hưởng nhiều | AI16: Thỉnh thoảng (vài lần) | AJ16: =LET( txt,LOWER(TRIM(SUBSTITUTE(AI16,CHAR(160)," "))), IFS( txt="không bao giờ",0, txt="hiếm khi (1–2 lần)",1, txt="thỉnh thoảng (vài lần)",2, txt="thường xuyên (thường xuyên trong vài tháng)",3, txt="luôn/rất thường xuyên",4, TRUE,"" ) ) -> 2 | AK16: Ảnh hưởng nhiều | AL16: =LET( txt,LOWER(TRIM(SUBSTITUTE(AK16,CHAR(160)," "))), IFS( OR( ISNUMBER(SEARCH("không có trải nghiệm",txt)), ISNUMBER(SEARCH("chưa từng",txt)) ),-1, txt="không ảnh hưởng",0, ISNUMBER(SEARCH("có chút",txt)),1, AND(ISNUMBER(SEARCH("ảnh hưởng",txt)),ISNUMBER(SEARCH("rất",txt))),3, ISNUMBER(SEARCH("ảnh hưởng nhiều",txt)),2, TRUE,"" ) ) -> 2 | AM16: Trong mối quan hệ mập mờ | AN16: =LET( txt,LOWER(TRIM(AM16)), IFS( OR( txt="độc thân", txt="chưa có ny", txt="không có người yêu !!!!", txt="ế", txt="không có bồ", txt="không có", txt=".", txt="không có người yêu", txt="chưa yêu ai", txt="dạ chưa có mối tình đầu luôn ạ", txt="ko có người yêu", txt="đang kiếm phú bà nào đó ok ok", txt="án treo", txt="không", txt="ế quắt", txt="hiện tại không ai yêu và không quan tâm đến tình yêu", txt="0" ),0, txt="đã kết hôn",3, txt="trong mối quan hệ mập mờ",2, txt="có người yêu",1, TRUE,0 ) ) -> 2 | AP16: 2 | AQ16: 3 | AR16: 3 | AS16: 3 | AT16: 1 | AU16: 3 | AV16: 3 | AW16: 2 | AX16: 1 | AY16: =sum(AP16:AX16) -> 21 | AZ16: =AY16-9 -> 12 | BA16: =if(AZ16 >= 10 ,1,0) -> 1 | BB16: =if(AZ16 >= 14 ,1,0) -> 0 | BC16: 2 | BD16: 2 | BE16: 2 | BF16: 2 | BG16: 1 | BH16: 2 | BI16: 1 | BJ16: =sum(BC16:BI16) -> 12 | BK16: =BJ16-7 -> 5 | BN16: 1 | BO16: Không | BP16: =if(BO16="Không",0,1) -> 0 | BQ16: 1 | BR16: 0 | BS16: Có | BT16: =if(BS16="Không",0,1) -> 1 | BU16: Bạn bè | BV16: 2 | BW16: Không | BX16: Cha mẹ | BY16: Không | BZ16: Có một chút | CA16: =LET( txt,LOWER(TRIM(SUBSTITUTE(BZ16,CHAR(160)," "))), IFS( ISNUMBER(SEARCH("không",txt)),0, ISNUMBER(SEARCH("có một chút",txt)),1, ISNUMBER(SEARCH("thường xuyên",txt)),2, TRUE,"" ) ) -> 1 | CB16: Có một chút | CC16: =LET( txt,LOWER(TRIM(SUBSTITUTE(CB16,CHAR(160)," "))), IFS( ISNUMBER(SEARCH("không",txt)),0, ISNUMBER(SEARCH("có một chút",txt)),1, ISNUMBER(SEARCH("thường xuyên",txt)),2, TRUE,"" ) ) -> 1 | CD16: Thỉnh thoảng | CE16: =LET( txt,LOWER(TRIM(SUBSTITUTE(CD16,CHAR(160)," "))), IFS( ISNUMBER(SEARCH("hiếm khi",txt)),0, ISNUMBER(SEARCH("thỉnh thoảng",txt)),1, ISNUMBER(SEARCH("thường xuyên",txt)),2, TRUE,"" ) ) -> 1 | CF16: Thỉnh thoảng | CG16: =LET( txt,LOWER(TRIM(SUBSTITUTE(CF16,CHAR(160)," "))), IFS( ISNUMBER(SEARCH("hiếm khi",txt)),0, ISNUMBER(SEARCH("thỉnh thoảng",txt)),1, ISNUMBER(SEARCH("thường xuyên",txt)),2, TRUE,"" ) ) -> 1 | CH16: Thỉnh thoảng | CI16: =LET( txt,LOWER(TRIM(SUBSTITUTE(CH16,CHAR(160)," "))), IFS( ISNUMBER(SEARCH("hiếm khi",txt)),0, ISNUMBER(SEARCH("thỉnh thoảng",txt)),1, ISNUMBER(SEARCH("thường xuyên",txt)),2, TRUE,"" ) ) -> 1 | CJ16: Youtube | CK16: Sức khỏe thể chất, tinh thần, tình dục hoặc các hình thức khác | CL16: 1-2 giờ mỗi ngày | CM16: =IFS( ISNUMBER(SEARCH("10-30",CL16)),0.33, ISNUMBER(SEARCH("31-60",CL16)),0.75, ISNUMBER(SEARCH("1-2",CL16)),1.5, ISNUMBER(SEARCH("3-4",CL16)),3.5, ISNUMBER(SEARCH("Hơn 5",CL16)),6, ISNUMBER(SEARCH("9 giờ",CL16)),9, ISNUMBER(SEARCH("18",CL16)),18, ISNUMBER(SEARCH("Không có",CL16)),0, ISNUMBER(SEARCH("Cả ngày",CL16)),18, ISNUMBER(SEARCH("Mọi lúc",CL16)),18, ISNUMBER(SEARCH("Hàng giờ",CL16)),12, ISNUMBER(SEARCH("không cố định",LOWER(CL16))),NA(), ISNUMBER(SEARCH("không theo",LOWER(CL16))),NA(), ISNUMBER(SEARCH("tranh thủ",LOWER(CL16))),NA(), ISNUMBER(SEARCH("tùy",LOWER(CL16))),NA(), ISNUMBER(SEARCH("sau 10h",LOWER(CL16))),2, TRUE,NA() ) -> 1.5 | CN16: Không | CO16: =if(CN16="Không", 0, if(CN16="Nhiều", 2, 1)) -> 0 | CP16: Không | CQ16: Không | CR16: Không | CS16: Có | CT16: Không | CU16: =if(CP16="Không",0,1) -> 0 | CV16: =if(CQ16="Không",0,1) -> 0 | CW16: =if(CR16="Không",0,1) -> 0 | CX16: =if(CS16="Không",0,1) -> 1 | CY16: =if(CT16="Không",0,1) -> 0 | CZ16: Không | DA16: =if(CZ16="Không",0,1) -> 0 | DB16: Không | DC16: =if(DB16="Không",0,1) -> 0 | DE16: Có | DF16: =if(DE16="Có", 1, 0) -> 1 | DG16: Không có | DH16: =if(DG16="Không có", 0, 1) -> 0 | DI16: Không | DJ16: =if(DI16="Không", 0, 1) -> 0 | DK16: Không, không bao giờ | DL16: =IFS( ISNUMBER(SEARCH("không",LOWER(DK16))),0, ISNUMBER(SEARCH("chưa",LOWER(DK16))),0, ISNUMBER(SEARCH("cả hai",LOWER(DK16))),3, AND(ISNUMBER(SEARCH("trước",LOWER(DK16))),ISNUMBER(SEARCH("đại học",LOWER(DK16)))),1, AND(ISNUMBER(SEARCH("kể từ khi",LOWER(DK16))),ISNUMBER(SEARCH("đại học",LOWER(DK16)))),2, ISNUMBER(SEARCH("thuốc",LOWER(DK16))),2, ISNUMBER(SEARCH("bác sĩ",LOWER(DK16))),2, TRUE,NA() ) -> 0 | DM16: Dưới 1 giờ | DN16: =LET( x,LOWER(TRIM(DM16)), IF(OR(x="không",x="0",x="hồi đó giờ ko chơi",x="hồi đó giờ không chơi"),0, IF(ISNUMBER(SEARCH("dưới 1",x)),0.5, IF(ISNUMBER(SEARCH("5 giờ trở lên",x)),5, IF(ISNUMBER(SEARCH("mỗi ngày",x)), IF(ISNUMBER(SEARCH("mỗi ngày ",x)), VALUE(MID(x,SEARCH("mỗi ngày ",x)+9,SEARCH(" giờ",x)-SEARCH("mỗi ngày ",x)-9))*7, VALUE(LEFT(x,SEARCH(" giờ",x)-1))*7 ), IF(ISNUMBER(SEARCH("-",x)), (VALUE(LEFT(x,SEARCH("-",x)-1))+VALUE(MID(x,SEARCH("-",x)+1,SEARCH(" giờ",x)-SEARCH("-",x)-1)))/2, IF(ISNUMBER(SEARCH(" giờ",x)), VALUE(LEFT(x,SEARCH(" giờ",x)-1)), "")))))) ) -> 0.5 | DO16: Võ | DP16: Không | DQ16: =IF(DP16 = "Không", 0, 1) -> 0 | DS16: Không | DU16: Không
A17: 46003.629 | B17: Bình Phước | C17: Nam | D17: =if(C17="Nam", 0, 1) -> 0 | E17: Dị tính (Heterosexual) | F17: =IFERROR(__xludf.DUMMYFUNCTION("LET( t, LOWER(TRIM(E17)), IFS( REGEXMATCH(t,""chuyển giới|transgender""), 6, REGEXMATCH(t,""vô tính|asexual|nam nữ.*không có nhu cầu""), 4, REGEXMATCH(t,""toàn tính|pansexual""), 5, REGEXMATCH(t,""song tính|bisexual|biromantic""), 1, "&" AND(REGEXMATCH(t,""đồng tính nam|\bgay\b""), NOT(REGEXMATCH(t,""not gay|không gay|ko gay""))), 2, REGEXMATCH(t,""đồng tính nữ|\blesbian\b|em thích nữ|thích nữ|mê nữ|sapphic""), 3, REGEXMATCH(t,""^\.$|^(không|ko|k|no)$|^(không có|ko có)$""), 8, "&" REGEXMATCH(t,""không biết|chưa rõ|chưa xác định|ko hiểu|huh|strange|\?{3,}|hong có.*không biết|vn chỉ có nam và nữ""), 7, REGEXMATCH(t,""dị tính|heterosexual|thẳng|straight|khác giới|thích khác giới|trai gái|quan hệ trai gái|nam\s*-\s*nữ|nam\s*nữ|"&"bình thường|normal|\bbth\b|\bbinh thuong\b|giới tính bình thường|xu hướng tính dục bth""), 0, TRUE, 7 ) )"),0.0) -> 0 | G17: Không | H17: =IFERROR(__xludf.DUMMYFUNCTION("LET( t, LOWER(TRIM(G17)), IFS( REGEXMATCH(t,""phật giáo hòa hảo""), 3, REGEXMATCH(t,""công giáo""), 1, REGEXMATCH(t,""phật giáo""), 2, REGEXMATCH(t,""hồi giáo""), 4, REGEXMATCH(t,""cao đài|cao dai""), 5, REGEXMATCH(t,""bà la mô"&"n|ba la mon""), 6, REGEXMATCH(t,""^kinh$""), 7, REGEXMATCH(t,""không tôn giáo|^(không|khong)$|^không có$|^khong co$|^không$|^không\s+$""), 0, TRUE, """" ) )"),0.0) -> 0 | I17: ở KTX | J17: =IFERROR(__xludf.DUMMYFUNCTION("LET( text, LOWER(I17), IFERROR( IFS( REGEXMATCH(text,""ở cùng gia đình|ở trọ cùng gia đình""), 0, REGEXMATCH(text,""thuê trọ""), 1, REGEXMATCH(text,""ở ktx""), 2, REGEXMATCH(text,""có nhà tại khu vực đang học|có nhà|ở riêng"&" tại chung cư""), 3, REGEXMATCH(text,""ở nhà người quen""), 4 ), -1) )"),2.0) -> 2 | K17: Mới kỳ đầu | L17: =IFERROR(__xludf.DUMMYFUNCTION("LET( t, LOWER(TRIM(K17)), IFERROR( IFS( REGEXMATCH(t,""xuất\s*sắc""), 0, REGEXMATCH(t,""^giỏi$""), 1, REGEXMATCH(t,""^khá$""), 2, REGEXMATCH(t,""trung bình|bình thường|^4$""), 3, REGEXMATCH(t,""rớt""), 4, REGEXM"&"ATCH(t,""năm nhất|tân sinh viên|mới|chưa|không|sắp thi|chuẩn bị thi|kq|kết quả|chưa có|chưa biết""), 5, TRUE, 5 ), 5) )"),5.0) -> 5 | M17: Tự chọn | N17: =IFERROR(__xludf.DUMMYFUNCTION("LET( t, LOWER(TRIM(M17)), IFERROR( IFS( REGEXMATCH(t,""ko biết|không biết|hơm bt|hôm bt|khum biết|chưa biết|không rõ|câu không rõ""), 3, REGEXMATCH(t,""50/50|bình thường|phân vân|lúc này lúc kia|fomo|đuối|hơi đuối|hơi không chắc""), 1"&", REGEXMATCH(t,""không hợp|không phù hợp|hối hận|bất đắc dĩ|bất đắt dĩ|do không còn lựa chọn|không còn đam mê|mất đam mê|học không nổi""), 0, REGEXMATCH(t,""^có$|^có\b""), 0, REGEXMATCH(t,""^không$|^không\s|^không\.$|^không!$|^không,$|"&"^không\?$|phù hợp|siêu hợp|cảm thấy phù hợp|phù hợp rồi|ổn|ước mơ|tự chọn|năng lực|suy nghĩ""), 2, TRUE, 3 ), 3) )"),2.0) -> 2 | O17: Không | P17: =if(O17="Có", 1, 0) -> 0 | R17: =Q17 | V17: =IFERROR(__xludf.DUMMYFUNCTION("IFERROR(REGEXEXTRACT(U17,""\d+"")*1, """")"),"") | W17: =if(V17<>"", V17, 0) -> 0 | Z17: Không | AB17: Không | AC17: Không | AD17: Rất lo lắng | AE17: Không | AF17: Có chút áp lực | AG17: Không ảnh hưởng | AH17: Không ảnh hưởng | AI17: Không bao giờ | AJ17: =LET( txt,LOWER(TRIM(SUBSTITUTE(AI17,CHAR(160)," "))), IFS( txt="không bao giờ",0, txt="hiếm khi (1–2 lần)",1, txt="thỉnh thoảng (vài lần)",2, txt="thường xuyên (thường xuyên trong vài tháng)",3, txt="luôn/rất thường xuyên",4, TRUE,"" ) ) -> 0 | AK17: Không ảnh hưởng | AL17: =LET( txt,LOWER(TRIM(SUBSTITUTE(AK17,CHAR(160)," "))), IFS( OR( ISNUMBER(SEARCH("không có trải nghiệm",txt)), ISNUMBER(SEARCH("chưa từng",txt)) ),-1, txt="không ảnh hưởng",0, ISNUMBER(SEARCH("có chút",txt)),1, AND(ISNUMBER(SEARCH("ảnh hưởng",txt)),ISNUMBER(SEARCH("rất",txt))),3, ISNUMBER(SEARCH("ảnh hưởng nhiều",txt)),2, TRUE,"" ) ) -> 0 | AM17: Trong mối quan hệ mập mờ | AN17: =LET( txt,LOWER(TRIM(AM17)), IFS( OR( txt="độc thân", txt="chưa có ny", txt="không có người yêu !!!!", txt="ế", txt="không có bồ", txt="không có", txt=".", txt="không có người yêu", txt="chưa yêu ai", txt="dạ chưa có mối tình đầu luôn ạ", txt="ko có người yêu", txt="đang kiếm phú bà nào đó ok ok", txt="án treo", txt="không", txt="ế quắt", txt="hiện tại không ai yêu và không quan tâm đến tình yêu", txt="0" ),0, txt="đã kết hôn",3, txt="trong mối quan hệ mập mờ",2, txt="có người yêu",1, TRUE,0 ) ) -> 2 | AP17: 1 | AQ17: 1 | AR17: 1 | AS17: 1 | AT17: 1 | AU17: 2 | AV17: 1 | AW17: 1 | AX17: 1 | AY17: =sum(AP17:AX17) -> 10 | AZ17: =AY17-9 -> 1 | BA17: =if(AZ17 >= 10 ,1,0) -> 0 | BB17: =if(AZ17 >= 14 ,1,0) -> 0 | BC17: 1 | BD17: 1 | BE17: 1 | BF17: 1 | BG17: 1 | BH17: 1 | BI17: 1 | BJ17: =sum(BC17:BI17) -> 7 | BK17: =BJ17-7 -> 0 | BN17: 1 | BO17: Không | BP17: =if(BO17="Không",0,1) -> 0 | BQ17: 1 | BR17: 0 | BS17: Có | BT17: =if(BS17="Không",0,1) -> 1 | BU17: Bạn bè, Gia đình | BV17: 1 | BW17: Có | BX17: Cha mẹ | BY17: Có | BZ17: Có một chút | CA17: =LET( txt,LOWER(TRIM(SUBSTITUTE(BZ17,CHAR(160)," "))), IFS( ISNUMBER(SEARCH("không",txt)),0, ISNUMBER(SEARCH("có một chút",txt)),1, ISNUMBER(SEARCH("thường xuyên",txt)),2, TRUE,"" ) ) -> 1 | CB17: Có một chút | CC17: =LET( txt,LOWER(TRIM(SUBSTITUTE(CB17,CHAR(160)," "))), IFS( ISNUMBER(SEARCH("không",txt)),0, ISNUMBER(SEARCH("có một chút",txt)),1, ISNUMBER(SEARCH("thường xuyên",txt)),2, TRUE,"" ) ) -> 1 | CD17: Hiếm khi | CE17: =LET( txt,LOWER(TRIM(SUBSTITUTE(CD17,CHAR(160)," "))), IFS( ISNUMBER(SEARCH("hiếm khi",txt)),0, ISNUMBER(SEARCH("thỉnh thoảng",txt)),1, ISNUMBER(SEARCH("thường xuyên",txt)),2, TRUE,"" ) ) -> 0 | CF17: Hiếm khi | CG17: =LET( txt,LOWER(TRIM(SUBSTITUTE(CF17,CHAR(160)," "))), IFS( ISNUMBER(SEARCH("hiếm khi",txt)),0, ISNUMBER(SEARCH("thỉnh thoảng",txt)),1, ISNUMBER(SEARCH("thường xuyên",txt)),2, TRUE,"" ) ) -> 0 | CH17: Thỉnh thoảng | CI17: =LET( txt,LOWER(TRIM(SUBSTITUTE(CH17,CHAR(160)," "))), IFS( ISNUMBER(SEARCH("hiếm khi",txt)),0, ISNUMBER(SEARCH("thỉnh thoảng",txt)),1, ISNUMBER(SEARCH("thường xuyên",txt)),2, TRUE,"" ) ) -> 1 | CJ17: TikTok | CK17: Sức khỏe thể chất, tinh thần, tình dục hoặc các hình thức khác, Các chủ đề về môi trường | CL17: 3-4 giờ mỗi ngày | CM17: =IFS( ISNUMBER(SEARCH("10-30",CL17)),0.33, ISNUMBER(SEARCH("31-60",CL17)),0.75, ISNUMBER(SEARCH("1-2",CL17)),1.5, ISNUMBER(SEARCH("3-4",CL17)),3.5, ISNUMBER(SEARCH("Hơn 5",CL17)),6, ISNUMBER(SEARCH("9 giờ",CL17)),9, ISNUMBER(SEARCH("18",CL17)),18, ISNUMBER(SEARCH("Không có",CL17)),0, ISNUMBER(SEARCH("Cả ngày",CL17)),18, ISNUMBER(SEARCH("Mọi lúc",CL17)),18, ISNUMBER(SEARCH("Hàng giờ",CL17)),12, ISNUMBER(SEARCH("không cố định",LOWER(CL17))),NA(), ISNUMBER(SEARCH("không theo",LOWER(CL17))),NA(), ISNUMBER(SEARCH("tranh thủ",LOWER(CL17))),NA(), ISNUMBER(SEARCH("tùy",LOWER(CL17))),NA(), ISNUMBER(SEARCH("sau 10h",LOWER(CL17))),2, TRUE,NA() ) -> 3.5 | CN17: Không | CO17: =if(CN17="Không", 0, if(CN17="Nhiều", 2, 1)) -> 0 | CP17: Có | CQ17: Có | CR17: Có | CS17: Có | CT17: Không | CU17: =if(CP17="Không",0,1) -> 1 | CV17: =if(CQ17="Không",0,1) -> 1 | CW17: =if(CR17="Không",0,1) -> 1 | CX17: =if(CS17="Không",0,1) -> 1 | CY17: =if(CT17="Không",0,1) -> 0 | CZ17: Không | DA17: =if(CZ17="Không",0,1) -> 0 | DB17: Không | DC17: =if(DB17="Không",0,1) -> 0 | DE17: Có | DF17: =if(DE17="Có", 1, 0) -> 1 | DG17: Không có | DH17: =if(DG17="Không có", 0, 1) -> 0 | DI17: Không | DJ17: =if(DI17="Không", 0, 1) -> 0 | DK17: Không, không bao giờ | DL17: =IFS( ISNUMBER(SEARCH("không",LOWER(DK17))),0, ISNUMBER(SEARCH("chưa",LOWER(DK17))),0, ISNUMBER(SEARCH("cả hai",LOWER(DK17))),3, AND(ISNUMBER(SEARCH("trước",LOWER(DK17))),ISNUMBER(SEARCH("đại học",LOWER(DK17)))),1, AND(ISNUMBER(SEARCH("kể từ khi",LOWER(DK17))),ISNUMBER(SEARCH("đại học",LOWER(DK17)))),2, ISNUMBER(SEARCH("thuốc",LOWER(DK17))),2, ISNUMBER(SEARCH("bác sĩ",LOWER(DK17))),2, TRUE,NA() ) -> 0 | DM17: 2 giờ mỗi ngày | DN17: =LET( x,LOWER(TRIM(DM17)), IF(OR(x="không",x="0",x="hồi đó giờ ko chơi",x="hồi đó giờ không chơi"),0, IF(ISNUMBER(SEARCH("dưới 1",x)),0.5, IF(ISNUMBER(SEARCH("5 giờ trở lên",x)),5, IF(ISNUMBER(SEARCH("mỗi ngày",x)), IF(ISNUMBER(SEARCH("mỗi ngày ",x)), VALUE(MID(x,SEARCH("mỗi ngày ",x)+9,SEARCH(" giờ",x)-SEARCH("mỗi ngày ",x)-9))*7, VALUE(LEFT(x,SEARCH(" giờ",x)-1))*7 ), IF(ISNUMBER(SEARCH("-",x)), (VALUE(LEFT(x,SEARCH("-",x)-1))+VALUE(MID(x,SEARCH("-",x)+1,SEARCH(" giờ",x)-SEARCH("-",x)-1)))/2, IF(ISNUMBER(SEARCH(" giờ",x)), VALUE(LEFT(x,SEARCH(" giờ",x)-1)), "")))))) ) -> 14 | DO17: Chạy bộ, calisthenics | DP17: Không | DQ17: =IF(DP17 = "Không", 0, 1) -> 0 | DS17: Không | DU17: Không
A18: 46003.629 | B18: An Giang | C18: Nam | D18: =if(C18="Nam", 0, 1) -> 0 | E18: Dị tính (Heterosexual) | F18: =IFERROR(__xludf.DUMMYFUNCTION("LET( t, LOWER(TRIM(E18)), IFS( REGEXMATCH(t,""chuyển giới|transgender""), 6, REGEXMATCH(t,""vô tính|asexual|nam nữ.*không có nhu cầu""), 4, REGEXMATCH(t,""toàn tính|pansexual""), 5, REGEXMATCH(t,""song tính|bisexual|biromantic""), 1, "&" AND(REGEXMATCH(t,""đồng tính nam|\bgay\b""), NOT(REGEXMATCH(t,""not gay|không gay|ko gay""))), 2, REGEXMATCH(t,""đồng tính nữ|\blesbian\b|em thích nữ|thích nữ|mê nữ|sapphic""), 3, REGEXMATCH(t,""^\.$|^(không|ko|k|no)$|^(không có|ko có)$""), 8, "&" REGEXMATCH(t,""không biết|chưa rõ|chưa xác định|ko hiểu|huh|strange|\?{3,}|hong có.*không biết|vn chỉ có nam và nữ""), 7, REGEXMATCH(t,""dị tính|heterosexual|thẳng|straight|khác giới|thích khác giới|trai gái|quan hệ trai gái|nam\s*-\s*nữ|nam\s*nữ|"&"bình thường|normal|\bbth\b|\bbinh thuong\b|giới tính bình thường|xu hướng tính dục bth""), 0, TRUE, 7 ) )"),0.0) -> 0 | G18: Phật giáo | H18: =IFERROR(__xludf.DUMMYFUNCTION("LET( t, LOWER(TRIM(G18)), IFS( REGEXMATCH(t,""phật giáo hòa hảo""), 3, REGEXMATCH(t,""công giáo""), 1, REGEXMATCH(t,""phật giáo""), 2, REGEXMATCH(t,""hồi giáo""), 4, REGEXMATCH(t,""cao đài|cao dai""), 5, REGEXMATCH(t,""bà la mô"&"n|ba la mon""), 6, REGEXMATCH(t,""^kinh$""), 7, REGEXMATCH(t,""không tôn giáo|^(không|khong)$|^không có$|^khong co$|^không$|^không\s+$""), 0, TRUE, """" ) )"),2.0) -> 2 | I18: Thuê trọ | J18: =IFERROR(__xludf.DUMMYFUNCTION("LET( text, LOWER(I18), IFERROR( IFS( REGEXMATCH(text,""ở cùng gia đình|ở trọ cùng gia đình""), 0, REGEXMATCH(text,""thuê trọ""), 1, REGEXMATCH(text,""ở ktx""), 2, REGEXMATCH(text,""có nhà tại khu vực đang học|có nhà|ở riêng"&" tại chung cư""), 3, REGEXMATCH(text,""ở nhà người quen""), 4 ), -1) )"),1.0) -> 1 | K18: Khá | L18: =IFERROR(__xludf.DUMMYFUNCTION("LET( t, LOWER(TRIM(K18)), IFERROR( IFS( REGEXMATCH(t,""xuất\s*sắc""), 0, REGEXMATCH(t,""^giỏi$""), 1, REGEXMATCH(t,""^khá$""), 2, REGEXMATCH(t,""trung bình|bình thường|^4$""), 3, REGEXMATCH(t,""rớt""), 4, REGEXM"&"ATCH(t,""năm nhất|tân sinh viên|mới|chưa|không|sắp thi|chuẩn bị thi|kq|kết quả|chưa có|chưa biết""), 5, TRUE, 5 ), 5) )"),2.0) -> 2 | M18: Do xu hướng thị trường | N18: =IFERROR(__xludf.DUMMYFUNCTION("LET( t, LOWER(TRIM(M18)), IFERROR( IFS( REGEXMATCH(t,""ko biết|không biết|hơm bt|hôm bt|khum biết|chưa biết|không rõ|câu không rõ""), 3, REGEXMATCH(t,""50/50|bình thường|phân vân|lúc này lúc kia|fomo|đuối|hơi đuối|hơi không chắc""), 1"&", REGEXMATCH(t,""không hợp|không phù hợp|hối hận|bất đắc dĩ|bất đắt dĩ|do không còn lựa chọn|không còn đam mê|mất đam mê|học không nổi""), 0, REGEXMATCH(t,""^có$|^có\b""), 0, REGEXMATCH(t,""^không$|^không\s|^không\.$|^không!$|^không,$|"&"^không\?$|phù hợp|siêu hợp|cảm thấy phù hợp|phù hợp rồi|ổn|ước mơ|tự chọn|năng lực|suy nghĩ""), 2, TRUE, 3 ), 3) )"),3.0) -> 3 | O18: Không | P18: =if(O18="Có", 1, 0) -> 0 | R18: =Q18 | V18: =IFERROR(__xludf.DUMMYFUNCTION("IFERROR(REGEXEXTRACT(U18,""\d+"")*1, """")"),"") | W18: =if(V18<>"", V18, 0) -> 0 | Z18: Có một chút | AB18: Không | AC18: Không | AD18: Rất lo lắng | AE18: Có một chút | AF18: Có chút áp lực | AG18: Có chút ảnh hưởng | AH18: Có chút ảnh hưởng | AI18: Thỉnh thoảng (vài lần) | AJ18: =LET( txt,LOWER(TRIM(SUBSTITUTE(AI18,CHAR(160)," "))), IFS( txt="không bao giờ",0, txt="hiếm khi (1–2 lần)",1, txt="thỉnh thoảng (vài lần)",2, txt="thường xuyên (thường xuyên trong vài tháng)",3, txt="luôn/rất thường xuyên",4, TRUE,"" ) ) -> 2 | AK18: Có chút ảnh hưởng | AL18: =LET( txt,LOWER(TRIM(SUBSTITUTE(AK18,CHAR(160)," "))), IFS( OR( ISNUMBER(SEARCH("không có trải nghiệm",txt)), ISNUMBER(SEARCH("chưa từng",txt)) ),-1, txt="không ảnh hưởng",0, ISNUMBER(SEARCH("có chút",txt)),1, AND(ISNUMBER(SEARCH("ảnh hưởng",txt)),ISNUMBER(SEARCH("rất",txt))),3, ISNUMBER(SEARCH("ảnh hưởng nhiều",txt)),2, TRUE,"" ) ) -> 1 | AM18: Có người yêu | AN18: =LET( txt,LOWER(TRIM(AM18)), IFS( OR( txt="độc thân", txt="chưa có ny", txt="không có người yêu !!!!", txt="ế", txt="không có bồ", txt="không có", txt=".", txt="không có người yêu", txt="chưa yêu ai", txt="dạ chưa có mối tình đầu luôn ạ", txt="ko có người yêu", txt="đang kiếm phú bà nào đó ok ok", txt="án treo", txt="không", txt="ế quắt", txt="hiện tại không ai yêu và không quan tâm đến tình yêu", txt="0" ),0, txt="đã kết hôn",3, txt="trong mối quan hệ mập mờ",2, txt="có người yêu",1, TRUE,0 ) ) -> 1 | AP18: 1 | AQ18: 1 | AR18: 1 | AS18: 1 | AT18: 1 | AU18: 2 | AV18: 1 | AW18: 1 | AX18: 2 | AY18: =sum(AP18:AX18) -> 11 | AZ18: =AY18-9 -> 2 | BA18: =if(AZ18 >= 10 ,1,0) -> 0 | BB18: =if(AZ18 >= 14 ,1,0) -> 0 | BC18: 2 | BD18: 1 | BE18: 1 | BF18: 3 | BG18: 1 | BH18: 1 | BI18: 1 | BJ18: =sum(BC18:BI18) -> 10 | BK18: =BJ18-7 -> 3 | BN18: 5 | BO18: Không | BP18: =if(BO18="Không",0,1) -> 0 | BQ18: 3 | BR18: 0 | BS18: Không | BT18: =if(BS18="Không",0,1) -> 0 | BV18: 3 | BW18: Không | BX18: Cha mẹ | BY18: Không | BZ18: Có một chút | CA18: =LET( txt,LOWER(TRIM(SUBSTITUTE(BZ18,CHAR(160)," "))), IFS( ISNUMBER(SEARCH("không",txt)),0, ISNUMBER(SEARCH("có một chút",txt)),1, ISNUMBER(SEARCH("thường xuyên",txt)),2, TRUE,"" ) ) -> 1 | CB18: Có một chút | CC18: =LET( txt,LOWER(TRIM(SUBSTITUTE(CB18,CHAR(160)," "))), IFS( ISNUMBER(SEARCH("không",txt)),0, ISNUMBER(SEARCH("có một chút",txt)),1, ISNUMBER(SEARCH("thường xuyên",txt)),2, TRUE,"" ) ) -> 1 | CD18: Hiếm khi | CE18: =LET( txt,LOWER(TRIM(SUBSTITUTE(CD18,CHAR(160)," "))), IFS( ISNUMBER(SEARCH("hiếm khi",txt)),0, ISNUMBER(SEARCH("thỉnh thoảng",txt)),1, ISNUMBER(SEARCH("thường xuyên",txt)),2, TRUE,"" ) ) -> 0 | CF18: Hiếm khi | CG18: =LET( txt,LOWER(TRIM(SUBSTITUTE(CF18,CHAR(160)," "))), IFS( ISNUMBER(SEARCH("hiếm khi",txt)),0, ISNUMBER(SEARCH("thỉnh thoảng",txt)),1, ISNUMBER(SEARCH("thường xuyên",txt)),2, TRUE,"" ) ) -> 0 | CH18: Hiếm khi | CI18: =LET( txt,LOWER(TRIM(SUBSTITUTE(CH18,CHAR(160)," "))), IFS( ISNUMBER(SEARCH("hiếm khi",txt)),0, ISNUMBER(SEARCH("thỉnh thoảng",txt)),1, ISNUMBER(SEARCH("thường xuyên",txt)),2, TRUE,"" ) ) -> 0 | CJ18: TikTok | CK18: Các chủ đề về môi trường | CL18: Hơn 5 giờ mỗi ngày | CM18: =IFS( ISNUMBER(SEARCH("10-30",CL18)),0.33, ISNUMBER(SEARCH("31-60",CL18)),0.75, ISNUMBER(SEARCH("1-2",CL18)),1.5, ISNUMBER(SEARCH("3-4",CL18)),3.5, ISNUMBER(SEARCH("Hơn 5",CL18)),6, ISNUMBER(SEARCH("9 giờ",CL18)),9, ISNUMBER(SEARCH("18",CL18)),18, ISNUMBER(SEARCH("Không có",CL18)),0, ISNUMBER(SEARCH("Cả ngày",CL18)),18, ISNUMBER(SEARCH("Mọi lúc",CL18)),18, ISNUMBER(SEARCH("Hàng giờ",CL18)),12, ISNUMBER(SEARCH("không cố định",LOWER(CL18))),NA(), ISNUMBER(SEARCH("không theo",LOWER(CL18))),NA(), ISNUMBER(SEARCH("tranh thủ",LOWER(CL18))),NA(), ISNUMBER(SEARCH("tùy",LOWER(CL18))),NA(), ISNUMBER(SEARCH("sau 10h",LOWER(CL18))),2, TRUE,NA() ) -> 6 | CN18: Không | CO18: =if(CN18="Không", 0, if(CN18="Nhiều", 2, 1)) -> 0 | CP18: Không | CQ18: Không | CR18: Không | CS18: Không | CT18: Không | CU18: =if(CP18="Không",0,1) -> 0 | CV18: =if(CQ18="Không",0,1) -> 0 | CW18: =if(CR18="Không",0,1) -> 0 | CX18: =if(CS18="Không",0,1) -> 0 | CY18: =if(CT18="Không",0,1) -> 0 | CZ18: Không | DA18: =if(CZ18="Không",0,1) -> 0 | DB18: Có | DC18: =if(DB18="Không",0,1) -> 1 | DD18: 10 | DE18: Có | DF18: =if(DE18="Có", 1, 0) -> 1 | DG18: Không có | DH18: =if(DG18="Không có", 0, 1) -> 0 | DI18: Không | DJ18: =if(DI18="Không", 0, 1) -> 0 | DK18: Không, không bao giờ | DL18: =IFS( ISNUMBER(SEARCH("không",LOWER(DK18))),0, ISNUMBER(SEARCH("chưa",LOWER(DK18))),0, ISNUMBER(SEARCH("cả hai",LOWER(DK18))),3, AND(ISNUMBER(SEARCH("trước",LOWER(DK18))),ISNUMBER(SEARCH("đại học",LOWER(DK18)))),1, AND(ISNUMBER(SEARCH("kể từ khi",LOWER(DK18))),ISNUMBER(SEARCH("đại học",LOWER(DK18)))),2, ISNUMBER(SEARCH("thuốc",LOWER(DK18))),2, ISNUMBER(SEARCH("bác sĩ",LOWER(DK18))),2, TRUE,NA() ) -> 0 | DM18: 5 giờ trở lên | DN18: =LET( x,LOWER(TRIM(DM18)), IF(OR(x="không",x="0",x="hồi đó giờ ko chơi",x="hồi đó giờ không chơi"),0, IF(ISNUMBER(SEARCH("dưới 1",x)),0.5, IF(ISNUMBER(SEARCH("5 giờ trở lên",x)),5, IF(ISNUMBER(SEARCH("mỗi ngày",x)), IF(ISNUMBER(SEARCH("mỗi ngày ",x)), VALUE(MID(x,SEARCH("mỗi ngày ",x)+9,SEARCH(" giờ",x)-SEARCH("mỗi ngày ",x)-9))*7, VALUE(LEFT(x,SEARCH(" giờ",x)-1))*7 ), IF(ISNUMBER(SEARCH("-",x)), (VALUE(LEFT(x,SEARCH("-",x)-1))+VALUE(MID(x,SEARCH("-",x)+1,SEARCH(" giờ",x)-SEARCH("-",x)-1)))/2, IF(ISNUMBER(SEARCH(" giờ",x)), VALUE(LEFT(x,SEARCH(" giờ",x)-1)), "")))))) ) -> 5 | DO18: Chạy bộ, Đi bộ, Cầu lông | DP18: Không | DQ18: =IF(DP18 = "Không", 0, 1) -> 0 | DS18: Không | DU18: Không
A19: 46003.63 | B19: TP. Hồ Chí Minh | C19: Nam | D19: =if(C19="Nam", 0, 1) -> 0 | E19: Toi thẳng | F19: =IFERROR(__xludf.DUMMYFUNCTION("LET( t, LOWER(TRIM(E19)), IFS( REGEXMATCH(t,""chuyển giới|transgender""), 6, REGEXMATCH(t,""vô tính|asexual|nam nữ.*không có nhu cầu""), 4, REGEXMATCH(t,""toàn tính|pansexual""), 5, REGEXMATCH(t,""song tính|bisexual|biromantic""), 1, "&" AND(REGEXMATCH(t,""đồng tính nam|\bgay\b""), NOT(REGEXMATCH(t,""not gay|không gay|ko gay""))), 2, REGEXMATCH(t,""đồng tính nữ|\blesbian\b|em thích nữ|thích nữ|mê nữ|sapphic""), 3, REGEXMATCH(t,""^\.$|^(không|ko|k|no)$|^(không có|ko có)$""), 8, "&" REGEXMATCH(t,""không biết|chưa rõ|chưa xác định|ko hiểu|huh|strange|\?{3,}|hong có.*không biết|vn chỉ có nam và nữ""), 7, REGEXMATCH(t,""dị tính|heterosexual|thẳng|straight|khác giới|thích khác giới|trai gái|quan hệ trai gái|nam\s*-\s*nữ|nam\s*nữ|"&"bình thường|normal|\bbth\b|\bbinh thuong\b|giới tính bình thường|xu hướng tính dục bth""), 0, TRUE, 7 ) )"),0.0) -> 0 | G19: Không | H19: =IFERROR(__xludf.DUMMYFUNCTION("LET( t, LOWER(TRIM(G19)), IFS( REGEXMATCH(t,""phật giáo hòa hảo""), 3, REGEXMATCH(t,""công giáo""), 1, REGEXMATCH(t,""phật giáo""), 2, REGEXMATCH(t,""hồi giáo""), 4, REGEXMATCH(t,""cao đài|cao dai""), 5, REGEXMATCH(t,""bà la mô"&"n|ba la mon""), 6, REGEXMATCH(t,""^kinh$""), 7, REGEXMATCH(t,""không tôn giáo|^(không|khong)$|^không có$|^khong co$|^không$|^không\s+$""), 0, TRUE, """" ) )"),0.0) -> 0 | I19: Có nhà tại khu vực đang học | J19: =IFERROR(__xludf.DUMMYFUNCTION("LET( text, LOWER(I19), IFERROR( IFS( REGEXMATCH(text,""ở cùng gia đình|ở trọ cùng gia đình""), 0, REGEXMATCH(text,""thuê trọ""), 1, REGEXMATCH(text,""ở ktx""), 2, REGEXMATCH(text,""có nhà tại khu vực đang học|có nhà|ở riêng"&" tại chung cư""), 3, REGEXMATCH(text,""ở nhà người quen""), 4 ), -1) )"),3.0) -> 3 | K19: Khá | L19: =IFERROR(__xludf.DUMMYFUNCTION("LET( t, LOWER(TRIM(K19)), IFERROR( IFS( REGEXMATCH(t,""xuất\s*sắc""), 0, REGEXMATCH(t,""^giỏi$""), 1, REGEXMATCH(t,""^khá$""), 2, REGEXMATCH(t,""trung bình|bình thường|^4$""), 3, REGEXMATCH(t,""rớt""), 4, REGEXM"&"ATCH(t,""năm nhất|tân sinh viên|mới|chưa|không|sắp thi|chuẩn bị thi|kq|kết quả|chưa có|chưa biết""), 5, TRUE, 5 ), 5) )"),2.0) -> 2 | M19: Do xu hướng thị trường | N19: =IFERROR(__xludf.DUMMYFUNCTION("LET( t, LOWER(TRIM(M19)), IFERROR( IFS( REGEXMATCH(t,""ko biết|không biết|hơm bt|hôm bt|khum biết|chưa biết|không rõ|câu không rõ""), 3, REGEXMATCH(t,""50/50|bình thường|phân vân|lúc này lúc kia|fomo|đuối|hơi đuối|hơi không chắc""), 1"&", REGEXMATCH(t,""không hợp|không phù hợp|hối hận|bất đắc dĩ|bất đắt dĩ|do không còn lựa chọn|không còn đam mê|mất đam mê|học không nổi""), 0, REGEXMATCH(t,""^có$|^có\b""), 0, REGEXMATCH(t,""^không$|^không\s|^không\.$|^không!$|^không,$|"&"^không\?$|phù hợp|siêu hợp|cảm thấy phù hợp|phù hợp rồi|ổn|ước mơ|tự chọn|năng lực|suy nghĩ""), 2, TRUE, 3 ), 3) )"),3.0) -> 3 | O19: Có | P19: =if(O19="Có", 1, 0) -> 1 | Q19: 2 | R19: =Q19 -> 2 | S19: Nhân viên phục vụ, bán hàng | U19: <=40h/ tuần | V19: =IFERROR(__xludf.DUMMYFUNCTION("IFERROR(REGEXEXTRACT(U19,""\d+"")*1, """")"),40.0) -> 40 | W19: =if(V19<>"", V19, 0) -> 40 | X19: 10 | Y19: 1 | Z19: Có một chút | AB19: Không | AC19: Không | AD19: Rất lo lắng | AE19: Không | AF19: Có chút áp lực | AG19: Ảnh hưởng nhiều | AH19: Có chút ảnh hưởng | AI19: Thỉnh thoảng (vài lần) | AJ19: =LET( txt,LOWER(TRIM(SUBSTITUTE(AI19,CHAR(160)," "))), IFS( txt="không bao giờ",0, txt="hiếm khi (1–2 lần)",1, txt="thỉnh thoảng (vài lần)",2, txt="thường xuyên (thường xuyên trong vài tháng)",3, txt="luôn/rất thường xuyên",4, TRUE,"" ) ) -> 2 | AK19: Có chút ảnh hưởng | AL19: =LET( txt,LOWER(TRIM(SUBSTITUTE(AK19,CHAR(160)," "))), IFS( OR( ISNUMBER(SEARCH("không có trải nghiệm",txt)), ISNUMBER(SEARCH("chưa từng",txt)) ),-1, txt="không ảnh hưởng",0, ISNUMBER(SEARCH("có chút",txt)),1, AND(ISNUMBER(SEARCH("ảnh hưởng",txt)),ISNUMBER(SEARCH("rất",txt))),3, ISNUMBER(SEARCH("ảnh hưởng nhiều",txt)),2, TRUE,"" ) ) -> 1 | AM19: Có người yêu | AN19: =LET( txt,LOWER(TRIM(AM19)), IFS( OR( txt="độc thân", txt="chưa có ny", txt="không có người yêu !!!!", txt="ế", txt="không có bồ", txt="không có", txt=".", txt="không có người yêu", txt="chưa yêu ai", txt="dạ chưa có mối tình đầu luôn ạ", txt="ko có người yêu", txt="đang kiếm phú bà nào đó ok ok", txt="án treo", txt="không", txt="ế quắt", txt="hiện tại không ai yêu và không quan tâm đến tình yêu", txt="0" ),0, txt="đã kết hôn",3, txt="trong mối quan hệ mập mờ",2, txt="có người yêu",1, TRUE,0 ) ) -> 1 | AP19: 2 | AQ19: 1 | AR19: 2 | AS19: 2 | AT19: 4 | AU19: 2 | AV19: 4 | AW19: 1 | AX19: 1 | AY19: =sum(AP19:AX19) -> 19 | AZ19: =AY19-9 -> 10 | BA19: =if(AZ19 >= 10 ,1,0) -> 1 | BB19: =if(AZ19 >= 14 ,1,0) -> 0 | BC19: 2 | BD19: 1 | BE19: 3 | BF19: 2 | BG19: 4 | BH19: 1 | BI19: 4 | BJ19: =sum(BC19:BI19) -> 17 | BK19: =BJ19-7 -> 10 | BN19: 3 | BO19: Không | BP19: =if(BO19="Không",0,1) -> 0 | BQ19: 1 | BR19: 10 | BS19: Không | BT19: =if(BS19="Không",0,1) -> 0 | BV19: 1 | BW19: Có | BX19: Cha mẹ | BY19: Có | BZ19: Có một chút | CA19: =LET( txt,LOWER(TRIM(SUBSTITUTE(BZ19,CHAR(160)," "))), IFS( ISNUMBER(SEARCH("không",txt)),0, ISNUMBER(SEARCH("có một chút",txt)),1, ISNUMBER(SEARCH("thường xuyên",txt)),2, TRUE,"" ) ) -> 1 | CB19: Có một chút | CC19: =LET( txt,LOWER(TRIM(SUBSTITUTE(CB19,CHAR(160)," "))), IFS( ISNUMBER(SEARCH("không",txt)),0, ISNUMBER(SEARCH("có một chút",txt)),1, ISNUMBER(SEARCH("thường xuyên",txt)),2, TRUE,"" ) ) -> 1 | CD19: Hiếm khi | CE19: =LET( txt,LOWER(TRIM(SUBSTITUTE(CD19,CHAR(160)," "))), IFS( ISNUMBER(SEARCH("hiếm khi",txt)),0, ISNUMBER(SEARCH("thỉnh thoảng",txt)),1, ISNUMBER(SEARCH("thường xuyên",txt)),2, TRUE,"" ) ) -> 0 | CF19: Hiếm khi | CG19: =LET( txt,LOWER(TRIM(SUBSTITUTE(CF19,CHAR(160)," "))), IFS( ISNUMBER(SEARCH("hiếm khi",txt)),0, ISNUMBER(SEARCH("thỉnh thoảng",txt)),1, ISNUMBER(SEARCH("thường xuyên",txt)),2, TRUE,"" ) ) -> 0 | CH19: Hiếm khi | CI19: =LET( txt,LOWER(TRIM(SUBSTITUTE(CH19,CHAR(160)," "))), IFS( ISNUMBER(SEARCH("hiếm khi",txt)),0, ISNUMBER(SEARCH("thỉnh thoảng",txt)),1, ISNUMBER(SEARCH("thường xuyên",txt)),2, TRUE,"" ) ) -> 0 | CJ19: TikTok | CK19: Sức khỏe thể chất, tinh thần, tình dục hoặc các hình thức khác, Các chủ đề về môi trường, Các chủ đề chính trị | CL19: 3-4 giờ mỗi ngày | CM19: =IFS( ISNUMBER(SEARCH("10-30",CL19)),0.33, ISNUMBER(SEARCH("31-60",CL19)),0.75, ISNUMBER(SEARCH("1-2",CL19)),1.5, ISNUMBER(SEARCH("3-4",CL19)),3.5, ISNUMBER(SEARCH("Hơn 5",CL19)),6, ISNUMBER(SEARCH("9 giờ",CL19)),9, ISNUMBER(SEARCH("18",CL19)),18, ISNUMBER(SEARCH("Không có",CL19)),0, ISNUMBER(SEARCH("Cả ngày",CL19)),18, ISNUMBER(SEARCH("Mọi lúc",CL19)),18, ISNUMBER(SEARCH("Hàng giờ",CL19)),12, ISNUMBER(SEARCH("không cố định",LOWER(CL19))),NA(), ISNUMBER(SEARCH("không theo",LOWER(CL19))),NA(), ISNUMBER(SEARCH("tranh thủ",LOWER(CL19))),NA(), ISNUMBER(SEARCH("tùy",LOWER(CL19))),NA(), ISNUMBER(SEARCH("sau 10h",LOWER(CL19))),2, TRUE,NA() ) -> 3.5 | CN19: Có thỉnh thoảng | CO19: =if(CN19="Không", 0, if(CN19="Nhiều", 2, 1)) -> 1 | CP19: Không | CQ19: Có | CR19: Không | CS19: Có | CT19: Có | CU19: =if(CP19="Không",0,1) -> 0 | CV19: =if(CQ19="Không",0,1) -> 1 | CW19: =if(CR19="Không",0,1) -> 0 | CX19: =if(CS19="Không",0,1) -> 1 | CY19: =if(CT19="Không",0,1) -> 1 | CZ19: Không | DA19: =if(CZ19="Không",0,1) -> 0 | DB19: Không | DC19: =if(DB19="Không",0,1) -> 0 | DE19: Có | DF19: =if(DE19="Có", 1, 0) -> 1 | DG19: Hen suyễn | DH19: =if(DG19="Không có", 0, 1) -> 1 | DI19: Không | DJ19: =if(DI19="Không", 0, 1) -> 0 | DK19: Không, không bao giờ | DL19: =IFS( ISNUMBER(SEARCH("không",LOWER(DK19))),0, ISNUMBER(SEARCH("chưa",LOWER(DK19))),0, ISNUMBER(SEARCH("cả hai",LOWER(DK19))),3, AND(ISNUMBER(SEARCH("trước",LOWER(DK19))),ISNUMBER(SEARCH("đại học",LOWER(DK19)))),1, AND(ISNUMBER(SEARCH("kể từ khi",LOWER(DK19))),ISNUMBER(SEARCH("đại học",LOWER(DK19)))),2, ISNUMBER(SEARCH("thuốc",LOWER(DK19))),2, ISNUMBER(SEARCH("bác sĩ",LOWER(DK19))),2, TRUE,NA() ) -> 0 | DM19: 2-3 giờ | DN19: =LET( x,LOWER(TRIM(DM19)), IF(OR(x="không",x="0",x="hồi đó giờ ko chơi",x="hồi đó giờ không chơi"),0, IF(ISNUMBER(SEARCH("dưới 1",x)),0.5, IF(ISNUMBER(SEARCH("5 giờ trở lên",x)),5, IF(ISNUMBER(SEARCH("mỗi ngày",x)), IF(ISNUMBER(SEARCH("mỗi ngày ",x)), VALUE(MID(x,SEARCH("mỗi ngày ",x)+9,SEARCH(" giờ",x)-SEARCH("mỗi ngày ",x)-9))*7, VALUE(LEFT(x,SEARCH(" giờ",x)-1))*7 ), IF(ISNUMBER(SEARCH("-",x)), (VALUE(LEFT(x,SEARCH("-",x)-1))+VALUE(MID(x,SEARCH("-",x)+1,SEARCH(" giờ",x)-SEARCH("-",x)-1)))/2, IF(ISNUMBER(SEARCH(" giờ",x)), VALUE(LEFT(x,SEARCH(" giờ",x)-1)), "")))))) ) -> 2.5 | DO19: Đá banh | DP19: Không | DQ19: =IF(DP19 = "Không", 0, 1) -> 0 | DS19: Không | DU19: Không
A20: 46003.63 | B20: TP. Hồ Chí Minh | C20: Nam | D20: =if(C20="Nam", 0, 1) -> 0 | E20: Đồng tính nam (Gay) | F20: =IFERROR(__xludf.DUMMYFUNCTION("LET( t, LOWER(TRIM(E20)), IFS( REGEXMATCH(t,""chuyển giới|transgender""), 6, REGEXMATCH(t,""vô tính|asexual|nam nữ.*không có nhu cầu""), 4, REGEXMATCH(t,""toàn tính|pansexual""), 5, REGEXMATCH(t,""song tính|bisexual|biromantic""), 1, "&" AND(REGEXMATCH(t,""đồng tính nam|\bgay\b""), NOT(REGEXMATCH(t,""not gay|không gay|ko gay""))), 2, REGEXMATCH(t,""đồng tính nữ|\blesbian\b|em thích nữ|thích nữ|mê nữ|sapphic""), 3, REGEXMATCH(t,""^\.$|^(không|ko|k|no)$|^(không có|ko có)$""), 8, "&" REGEXMATCH(t,""không biết|chưa rõ|chưa xác định|ko hiểu|huh|strange|\?{3,}|hong có.*không biết|vn chỉ có nam và nữ""), 7, REGEXMATCH(t,""dị tính|heterosexual|thẳng|straight|khác giới|thích khác giới|trai gái|quan hệ trai gái|nam\s*-\s*nữ|nam\s*nữ|"&"bình thường|normal|\bbth\b|\bbinh thuong\b|giới tính bình thường|xu hướng tính dục bth""), 0, TRUE, 7 ) )"),2.0) -> 2 | G20: Phật giáo | H20: =IFERROR(__xludf.DUMMYFUNCTION("LET( t, LOWER(TRIM(G20)), IFS( REGEXMATCH(t,""phật giáo hòa hảo""), 3, REGEXMATCH(t,""công giáo""), 1, REGEXMATCH(t,""phật giáo""), 2, REGEXMATCH(t,""hồi giáo""), 4, REGEXMATCH(t,""cao đài|cao dai""), 5, REGEXMATCH(t,""bà la mô"&"n|ba la mon""), 6, REGEXMATCH(t,""^kinh$""), 7, REGEXMATCH(t,""không tôn giáo|^(không|khong)$|^không có$|^khong co$|^không$|^không\s+$""), 0, TRUE, """" ) )"),2.0) -> 2 | I20: Ở cùng gia đình | J20: =IFERROR(__xludf.DUMMYFUNCTION("LET( text, LOWER(I20), IFERROR( IFS( REGEXMATCH(text,""ở cùng gia đình|ở trọ cùng gia đình""), 0, REGEXMATCH(text,""thuê trọ""), 1, REGEXMATCH(text,""ở ktx""), 2, REGEXMATCH(text,""có nhà tại khu vực đang học|có nhà|ở riêng"&" tại chung cư""), 3, REGEXMATCH(text,""ở nhà người quen""), 4 ), -1) )"),0.0) -> 0 | K20: Khá | L20: =IFERROR(__xludf.DUMMYFUNCTION("LET( t, LOWER(TRIM(K20)), IFERROR( IFS( REGEXMATCH(t,""xuất\s*sắc""), 0, REGEXMATCH(t,""^giỏi$""), 1, REGEXMATCH(t,""^khá$""), 2, REGEXMATCH(t,""trung bình|bình thường|^4$""), 3, REGEXMATCH(t,""rớt""), 4, REGEXM"&"ATCH(t,""năm nhất|tân sinh viên|mới|chưa|không|sắp thi|chuẩn bị thi|kq|kết quả|chưa có|chưa biết""), 5, TRUE, 5 ), 5) )"),2.0) -> 2 | M20: Do xu hướng thị trường | N20: =IFERROR(__xludf.DUMMYFUNCTION("LET( t, LOWER(TRIM(M20)), IFERROR( IFS( REGEXMATCH(t,""ko biết|không biết|hơm bt|hôm bt|khum biết|chưa biết|không rõ|câu không rõ""), 3, REGEXMATCH(t,""50/50|bình thường|phân vân|lúc này lúc kia|fomo|đuối|hơi đuối|hơi không chắc""), 1"&", REGEXMATCH(t,""không hợp|không phù hợp|hối hận|bất đắc dĩ|bất đắt dĩ|do không còn lựa chọn|không còn đam mê|mất đam mê|học không nổi""), 0, REGEXMATCH(t,""^có$|^có\b""), 0, REGEXMATCH(t,""^không$|^không\s|^không\.$|^không!$|^không,$|"&"^không\?$|phù hợp|siêu hợp|cảm thấy phù hợp|phù hợp rồi|ổn|ước mơ|tự chọn|năng lực|suy nghĩ""), 2, TRUE, 3 ), 3) )"),3.0) -> 3 | O20: Có | P20: =if(O20="Có", 1, 0) -> 1 | Q20: 1 | R20: =Q20 -> 1 | S20: Nhân viên phục vụ, bán hàng | U20: <=40h/ tuần | V20: =IFERROR(__xludf.DUMMYFUNCTION("IFERROR(REGEXEXTRACT(U20,""\d+"")*1, """")"),40.0) -> 40 | W20: =if(V20<>"", V20, 0) -> 40 | X20: 0 | Y20: 40 | Z20: Không | AB20: Không | AC20: Giới tính, Khiếm khuyết | AD20: Có một chút | AE20: Có một chút | AF20: Có chút áp lực | AG20: Có chút ảnh hưởng | AH20: Ảnh hưởng nhiều | AI20: Không bao giờ | AJ20: =LET( txt,LOWER(TRIM(SUBSTITUTE(AI20,CHAR(160)," "))), IFS( txt="không bao giờ",0, txt="hiếm khi (1–2 lần)",1, txt="thỉnh thoảng (vài lần)",2, txt="thường xuyên (thường xuyên trong vài tháng)",3, txt="luôn/rất thường xuyên",4, TRUE,"" ) ) -> 0 | AK20: Ảnh hưởng nhiều | AL20: =LET( txt,LOWER(TRIM(SUBSTITUTE(AK20,CHAR(160)," "))), IFS( OR( ISNUMBER(SEARCH("không có trải nghiệm",txt)), ISNUMBER(SEARCH("chưa từng",txt)) ),-1, txt="không ảnh hưởng",0, ISNUMBER(SEARCH("có chút",txt)),1, AND(ISNUMBER(SEARCH("ảnh hưởng",txt)),ISNUMBER(SEARCH("rất",txt))),3, ISNUMBER(SEARCH("ảnh hưởng nhiều",txt)),2, TRUE,"" ) ) -> 2 | AM20: Độc thân | AN20: =LET( txt,LOWER(TRIM(AM20)), IFS( OR( txt="độc thân", txt="chưa có ny", txt="không có người yêu !!!!", txt="ế", txt="không có bồ", txt="không có", txt=".", txt="không có người yêu", txt="chưa yêu ai", txt="dạ chưa có mối tình đầu luôn ạ", txt="ko có người yêu", txt="đang kiếm phú bà nào đó ok ok", txt="án treo", txt="không", txt="ế quắt", txt="hiện tại không ai yêu và không quan tâm đến tình yêu", txt="0" ),0, txt="đã kết hôn",3, txt="trong mối quan hệ mập mờ",2, txt="có người yêu",1, TRUE,0 ) ) -> 0 | AP20: 3 | AQ20: 3 | AR20: 2 | AS20: 3 | AT20: 3 | AU20: 4 | AV20: 4 | AW20: 2 | AX20: 1 | AY20: =sum(AP20:AX20) -> 25 | AZ20: =AY20-9 -> 16 | BA20: =if(AZ20 >= 10 ,1,0) -> 1 | BB20: =if(AZ20 >= 14 ,1,0) -> 1 | BC20: 2 | BD20: 1 | BE20: 3 | BF20: 2 | BG20: 1 | BH20: 1 | BI20: 3 | BJ20: =sum(BC20:BI20) -> 13 | BK20: =BJ20-7 -> 6 | BN20: 1 | BO20: Có | BP20: =if(BO20="Không",0,1) -> 1 | BQ20: 1 | BR20: 0 | BS20: Có | BT20: =if(BS20="Không",0,1) -> 1 | BU20: Bạn bè, Mạng xã hội | BV20: 3 | BW20: Không | BX20: Cha mẹ | BY20: Không | BZ20: Có một chút | CA20: =LET( txt,LOWER(TRIM(SUBSTITUTE(BZ20,CHAR(160)," "))), IFS( ISNUMBER(SEARCH("không",txt)),0, ISNUMBER(SEARCH("có một chút",txt)),1, ISNUMBER(SEARCH("thường xuyên",txt)),2, TRUE,"" ) ) -> 1 | CB20: Có một chút | CC20: =LET( txt,LOWER(TRIM(SUBSTITUTE(CB20,CHAR(160)," "))), IFS( ISNUMBER(SEARCH("không",txt)),0, ISNUMBER(SEARCH("có một chút",txt)),1, ISNUMBER(SEARCH("thường xuyên",txt)),2, TRUE,"" ) ) -> 1 | CD20: Thường xuyên | CE20: =LET( txt,LOWER(TRIM(SUBSTITUTE(CD20,CHAR(160)," "))), IFS( ISNUMBER(SEARCH("hiếm khi",txt)),0, ISNUMBER(SEARCH("thỉnh thoảng",txt)),1, ISNUMBER(SEARCH("thường xuyên",txt)),2, TRUE,"" ) ) -> 2 | CF20: Thường xuyên | CG20: =LET( txt,LOWER(TRIM(SUBSTITUTE(CF20,CHAR(160)," "))), IFS( ISNUMBER(SEARCH("hiếm khi",txt)),0, ISNUMBER(SEARCH("thỉnh thoảng",txt)),1, ISNUMBER(SEARCH("thường xuyên",txt)),2, TRUE,"" ) ) -> 2 | CH20: Hiếm khi | CI20: =LET( txt,LOWER(TRIM(SUBSTITUTE(CH20,CHAR(160)," "))), IFS( ISNUMBER(SEARCH("hiếm khi",txt)),0, ISNUMBER(SEARCH("thỉnh thoảng",txt)),1, ISNUMBER(SEARCH("thường xuyên",txt)),2, TRUE,"" ) ) -> 0 | CJ20: TikTok | CK20: Sức khỏe thể chất, tinh thần, tình dục hoặc các hình thức khác, Các vấn đề liên quan đến tâm linh, tôn giáo hoặc văn hóa, Bạo lực tình dục | CL20: 1-2 giờ mỗi ngày | CM20: =IFS( ISNUMBER(SEARCH("10-30",CL20)),0.33, ISNUMBER(SEARCH("31-60",CL20)),0.75, ISNUMBER(SEARCH("1-2",CL20)),1.5, ISNUMBER(SEARCH("3-4",CL20)),3.5, ISNUMBER(SEARCH("Hơn 5",CL20)),6, ISNUMBER(SEARCH("9 giờ",CL20)),9, ISNUMBER(SEARCH("18",CL20)),18, ISNUMBER(SEARCH("Không có",CL20)),0, ISNUMBER(SEARCH("Cả ngày",CL20)),18, ISNUMBER(SEARCH("Mọi lúc",CL20)),18, ISNUMBER(SEARCH("Hàng giờ",CL20)),12, ISNUMBER(SEARCH("không cố định",LOWER(CL20))),NA(), ISNUMBER(SEARCH("không theo",LOWER(CL20))),NA(), ISNUMBER(SEARCH("tranh thủ",LOWER(CL20))),NA(), ISNUMBER(SEARCH("tùy",LOWER(CL20))),NA(), ISNUMBER(SEARCH("sau 10h",LOWER(CL20))),2, TRUE,NA() ) -> 1.5 | CN20: Có thỉnh thoảng | CO20: =if(CN20="Không", 0, if(CN20="Nhiều", 2, 1)) -> 1 | CP20: Không | CQ20: Có | CR20: Có | CS20: Có | CT20: Không | CU20: =if(CP20="Không",0,1) -> 0 | CV20: =if(CQ20="Không",0,1) -> 1 | CW20: =if(CR20="Không",0,1) -> 1 | CX20: =if(CS20="Không",0,1) -> 1 | CY20: =if(CT20="Không",0,1) -> 0 | CZ20: Không | DA20: =if(CZ20="Không",0,1) -> 0 | DB20: Không | DC20: =if(DB20="Không",0,1) -> 0 | DE20: Có | DF20: =if(DE20="Có", 1, 0) -> 1 | DG20: Không có | DH20: =if(DG20="Không có", 0, 1) -> 0 | DI20: Không | DJ20: =if(DI20="Không", 0, 1) -> 0 | DK20: Không, không bao giờ | DL20: =IFS( ISNUMBER(SEARCH("không",LOWER(DK20))),0, ISNUMBER(SEARCH("chưa",LOWER(DK20))),0, ISNUMBER(SEARCH("cả hai",LOWER(DK20))),3, AND(ISNUMBER(SEARCH("trước",LOWER(DK20))),ISNUMBER(SEARCH("đại học",LOWER(DK20)))),1, AND(ISNUMBER(SEARCH("kể từ khi",LOWER(DK20))),ISNUMBER(SEARCH("đại học",LOWER(DK20)))),2, ISNUMBER(SEARCH("thuốc",LOWER(DK20))),2, ISNUMBER(SEARCH("bác sĩ",LOWER(DK20))),2, TRUE,NA() ) -> 0 | DM20: 2-3 giờ | DN20: =LET( x,LOWER(TRIM(DM20)), IF(OR(x="không",x="0",x="hồi đó giờ ko chơi",x="hồi đó giờ không chơi"),0, IF(ISNUMBER(SEARCH("dưới 1",x)),0.5, IF(ISNUMBER(SEARCH("5 giờ trở lên",x)),5, IF(ISNUMBER(SEARCH("mỗi ngày",x)), IF(ISNUMBER(SEARCH("mỗi ngày ",x)), VALUE(MID(x,SEARCH("mỗi ngày ",x)+9,SEARCH(" giờ",x)-SEARCH("mỗi ngày ",x)-9))*7, VALUE(LEFT(x,SEARCH(" giờ",x)-1))*7 ), IF(ISNUMBER(SEARCH("-",x)), (VALUE(LEFT(x,SEARCH("-",x)-1))+VALUE(MID(x,SEARCH("-",x)+1,SEARCH(" giờ",x)-SEARCH("-",x)-1)))/2, IF(ISNUMBER(SEARCH(" giờ",x)), VALUE(LEFT(x,SEARCH(" giờ",x)-1)), "")))))) ) -> 2.5 | DO20: GYM, Cầu lông | DP20: Không | DQ20: =IF(DP20 = "Không", 0, 1) -> 0 | DS20: Có | DT20: tìm người nói chuyện | DU20: Không
A21: 46003.631 | B21: TP. Hồ Chí Minh | C21: Nam | D21: =if(C21="Nam", 0, 1) -> 0 | E21: Dị tính (Heterosexual) | F21: =IFERROR(__xludf.DUMMYFUNCTION("LET( t, LOWER(TRIM(E21)), IFS( REGEXMATCH(t,""chuyển giới|transgender""), 6, REGEXMATCH(t,""vô tính|asexual|nam nữ.*không có nhu cầu""), 4, REGEXMATCH(t,""toàn tính|pansexual""), 5, REGEXMATCH(t,""song tính|bisexual|biromantic""), 1, "&" AND(REGEXMATCH(t,""đồng tính nam|\bgay\b""), NOT(REGEXMATCH(t,""not gay|không gay|ko gay""))), 2, REGEXMATCH(t,""đồng tính nữ|\blesbian\b|em thích nữ|thích nữ|mê nữ|sapphic""), 3, REGEXMATCH(t,""^\.$|^(không|ko|k|no)$|^(không có|ko có)$""), 8, "&" REGEXMATCH(t,""không biết|chưa rõ|chưa xác định|ko hiểu|huh|strange|\?{3,}|hong có.*không biết|vn chỉ có nam và nữ""), 7, REGEXMATCH(t,""dị tính|heterosexual|thẳng|straight|khác giới|thích khác giới|trai gái|quan hệ trai gái|nam\s*-\s*nữ|nam\s*nữ|"&"bình thường|normal|\bbth\b|\bbinh thuong\b|giới tính bình thường|xu hướng tính dục bth""), 0, TRUE, 7 ) )"),0.0) -> 0 | G21: Không | H21: =IFERROR(__xludf.DUMMYFUNCTION("LET( t, LOWER(TRIM(G21)), IFS( REGEXMATCH(t,""phật giáo hòa hảo""), 3, REGEXMATCH(t,""công giáo""), 1, REGEXMATCH(t,""phật giáo""), 2, REGEXMATCH(t,""hồi giáo""), 4, REGEXMATCH(t,""cao đài|cao dai""), 5, REGEXMATCH(t,""bà la mô"&"n|ba la mon""), 6, REGEXMATCH(t,""^kinh$""), 7, REGEXMATCH(t,""không tôn giáo|^(không|khong)$|^không có$|^khong co$|^không$|^không\s+$""), 0, TRUE, """" ) )"),0.0) -> 0 | I21: Ở cùng gia đình | J21: =IFERROR(__xludf.DUMMYFUNCTION("LET( text, LOWER(I21), IFERROR( IFS( REGEXMATCH(text,""ở cùng gia đình|ở trọ cùng gia đình""), 0, REGEXMATCH(text,""thuê trọ""), 1, REGEXMATCH(text,""ở ktx""), 2, REGEXMATCH(text,""có nhà tại khu vực đang học|có nhà|ở riêng"&" tại chung cư""), 3, REGEXMATCH(text,""ở nhà người quen""), 4 ), -1) )"),0.0) -> 0 | K21: Giỏi | L21: =IFERROR(__xludf.DUMMYFUNCTION("LET( t, LOWER(TRIM(K21)), IFERROR( IFS( REGEXMATCH(t,""xuất\s*sắc""), 0, REGEXMATCH(t,""^giỏi$""), 1, REGEXMATCH(t,""^khá$""), 2, REGEXMATCH(t,""trung bình|bình thường|^4$""), 3, REGEXMATCH(t,""rớt""), 4, REGEXM"&"ATCH(t,""năm nhất|tân sinh viên|mới|chưa|không|sắp thi|chuẩn bị thi|kq|kết quả|chưa có|chưa biết""), 5, TRUE, 5 ), 5) )"),1.0) -> 1 | M21: Tự chọn | N21: =IFERROR(__xludf.DUMMYFUNCTION("LET( t, LOWER(TRIM(M21)), IFERROR( IFS( REGEXMATCH(t,""ko biết|không biết|hơm bt|hôm bt|khum biết|chưa biết|không rõ|câu không rõ""), 3, REGEXMATCH(t,""50/50|bình thường|phân vân|lúc này lúc kia|fomo|đuối|hơi đuối|hơi không chắc""), 1"&", REGEXMATCH(t,""không hợp|không phù hợp|hối hận|bất đắc dĩ|bất đắt dĩ|do không còn lựa chọn|không còn đam mê|mất đam mê|học không nổi""), 0, REGEXMATCH(t,""^có$|^có\b""), 0, REGEXMATCH(t,""^không$|^không\s|^không\.$|^không!$|^không,$|"&"^không\?$|phù hợp|siêu hợp|cảm thấy phù hợp|phù hợp rồi|ổn|ước mơ|tự chọn|năng lực|suy nghĩ""), 2, TRUE, 3 ), 3) )"),2.0) -> 2 | O21: Có | P21: =if(O21="Có", 1, 0) -> 1 | Q21: 1 | R21: =Q21 -> 1 | S21: Gia sư - Trợ giảng | U21: <=15h/ tuần, | V21: =IFERROR(__xludf.DUMMYFUNCTION("IFERROR(REGEXEXTRACT(U21,""\d+"")*1, """")"),15.0) -> 15 | W21: =if(V21<>"", V21, 0) -> 15 | X21: 0.5 | Y21: 0.2 | Z21: Không | AB21: Không | AC21: Không | AD21: Có một chút | AE21: Có một chút | AF21: Có chút áp lực | AG21: Có chút ảnh hưởng | AH21: Có chút ảnh hưởng | AI21: Không bao giờ | AJ21: =LET( txt,LOWER(TRIM(SUBSTITUTE(AI21,CHAR(160)," "))), IFS( txt="không bao giờ",0, txt="hiếm khi (1–2 lần)",1, txt="thỉnh thoảng (vài lần)",2, txt="thường xuyên (thường xuyên trong vài tháng)",3, txt="luôn/rất thường xuyên",4, TRUE,"" ) ) -> 0 | AK21: Có chút ảnh hưởng | AL21: =LET( txt,LOWER(TRIM(SUBSTITUTE(AK21,CHAR(160)," "))), IFS( OR( ISNUMBER(SEARCH("không có trải nghiệm",txt)), ISNUMBER(SEARCH("chưa từng",txt)) ),-1, txt="không ảnh hưởng",0, ISNUMBER(SEARCH("có chút",txt)),1, AND(ISNUMBER(SEARCH("ảnh hưởng",txt)),ISNUMBER(SEARCH("rất",txt))),3, ISNUMBER(SEARCH("ảnh hưởng nhiều",txt)),2, TRUE,"" ) ) -> 1 | AM21: Độc thân | AN21: =LET( txt,LOWER(TRIM(AM21)), IFS( OR( txt="độc thân", txt="chưa có ny", txt="không có người yêu !!!!", txt="ế", txt="không có bồ", txt="không có", txt=".", txt="không có người yêu", txt="chưa yêu ai", txt="dạ chưa có mối tình đầu luôn ạ", txt="ko có người yêu", txt="đang kiếm phú bà nào đó ok ok", txt="án treo", txt="không", txt="ế quắt", txt="hiện tại không ai yêu và không quan tâm đến tình yêu", txt="0" ),0, txt="đã kết hôn",3, txt="trong mối quan hệ mập mờ",2, txt="có người yêu",1, TRUE,0 ) ) -> 0 | AP21: 1 | AQ21: 1 | AR21: 1 | AS21: 1 | AT21: 1 | AU21: 1 | AV21: 1 | AW21: 1 | AX21: 1 | AY21: =sum(AP21:AX21) -> 9 | AZ21: =AY21-9 -> 0 | BA21: =if(AZ21 >= 10 ,1,0) -> 0 | BB21: =if(AZ21 >= 14 ,1,0) -> 0 | BC21: 1 | BD21: 1 | BE21: 1 | BF21: 1 | BG21: 1 | BH21: 1 | BI21: 1 | BJ21: =sum(BC21:BI21) -> 7 | BK21: =BJ21-7 -> 0 | BN21: 1 | BO21: Không | BP21: =if(BO21="Không",0,1) -> 0 | BQ21: 1 | BR21: không | BS21: Không | BT21: =if(BS21="Không",0,1) -> 0 | BV21: 3 | BW21: Có | BX21: Cha mẹ | BY21: Có | BZ21: Có một chút | CA21: =LET( txt,LOWER(TRIM(SUBSTITUTE(BZ21,CHAR(160)," "))), IFS( ISNUMBER(SEARCH("không",txt)),0, ISNUMBER(SEARCH("có một chút",txt)),1, ISNUMBER(SEARCH("thường xuyên",txt)),2, TRUE,"" ) ) -> 1 | CB21: Có một chút | CC21: =LET( txt,LOWER(TRIM(SUBSTITUTE(CB21,CHAR(160)," "))), IFS( ISNUMBER(SEARCH("không",txt)),0, ISNUMBER(SEARCH("có một chút",txt)),1, ISNUMBER(SEARCH("thường xuyên",txt)),2, TRUE,"" ) ) -> 1 | CD21: Thỉnh thoảng | CE21: =LET( txt,LOWER(TRIM(SUBSTITUTE(CD21,CHAR(160)," "))), IFS( ISNUMBER(SEARCH("hiếm khi",txt)),0, ISNUMBER(SEARCH("thỉnh thoảng",txt)),1, ISNUMBER(SEARCH("thường xuyên",txt)),2, TRUE,"" ) ) -> 1 | CF21: Thỉnh thoảng | CG21: =LET( txt,LOWER(TRIM(SUBSTITUTE(CF21,CHAR(160)," "))), IFS( ISNUMBER(SEARCH("hiếm khi",txt)),0, ISNUMBER(SEARCH("thỉnh thoảng",txt)),1, ISNUMBER(SEARCH("thường xuyên",txt)),2, TRUE,"" ) ) -> 1 | CH21: Thỉnh thoảng | CI21: =LET( txt,LOWER(TRIM(SUBSTITUTE(CH21,CHAR(160)," "))), IFS( ISNUMBER(SEARCH("hiếm khi",txt)),0, ISNUMBER(SEARCH("thỉnh thoảng",txt)),1, ISNUMBER(SEARCH("thường xuyên",txt)),2, TRUE,"" ) ) -> 1 | CJ21: Facebook | CK21: Không | CL21: 3-4 giờ mỗi ngày | CM21: =IFS( ISNUMBER(SEARCH("10-30",CL21)),0.33, ISNUMBER(SEARCH("31-60",CL21)),0.75, ISNUMBER(SEARCH("1-2",CL21)),1.5, ISNUMBER(SEARCH("3-4",CL21)),3.5, ISNUMBER(SEARCH("Hơn 5",CL21)),6, ISNUMBER(SEARCH("9 giờ",CL21)),9, ISNUMBER(SEARCH("18",CL21)),18, ISNUMBER(SEARCH("Không có",CL21)),0, ISNUMBER(SEARCH("Cả ngày",CL21)),18, ISNUMBER(SEARCH("Mọi lúc",CL21)),18, ISNUMBER(SEARCH("Hàng giờ",CL21)),12, ISNUMBER(SEARCH("không cố định",LOWER(CL21))),NA(), ISNUMBER(SEARCH("không theo",LOWER(CL21))),NA(), ISNUMBER(SEARCH("tranh thủ",LOWER(CL21))),NA(), ISNUMBER(SEARCH("tùy",LOWER(CL21))),NA(), ISNUMBER(SEARCH("sau 10h",LOWER(CL21))),2, TRUE,NA() ) -> 3.5 | CN21: Không | CO21: =if(CN21="Không", 0, if(CN21="Nhiều", 2, 1)) -> 0 | CP21: Không | CQ21: Không | CR21: Không | CS21: Không | CT21: Không | CU21: =if(CP21="Không",0,1) -> 0 | CV21: =if(CQ21="Không",0,1) -> 0 | CW21: =if(CR21="Không",0,1) -> 0 | CX21: =if(CS21="Không",0,1) -> 0 | CY21: =if(CT21="Không",0,1) -> 0 | CZ21: Không | DA21: =if(CZ21="Không",0,1) -> 0 | DB21: Không | DC21: =if(DB21="Không",0,1) -> 0 | DE21: Có | DF21: =if(DE21="Có", 1, 0) -> 1 | DG21: Không có | DH21: =if(DG21="Không có", 0, 1) -> 0 | DI21: Không | DJ21: =if(DI21="Không", 0, 1) -> 0 | DK21: Không, không bao giờ | DL21: =IFS( ISNUMBER(SEARCH("không",LOWER(DK21))),0, ISNUMBER(SEARCH("chưa",LOWER(DK21))),0, ISNUMBER(SEARCH("cả hai",LOWER(DK21))),3, AND(ISNUMBER(SEARCH("trước",LOWER(DK21))),ISNUMBER(SEARCH("đại học",LOWER(DK21)))),1, AND(ISNUMBER(SEARCH("kể từ khi",LOWER(DK21))),ISNUMBER(SEARCH("đại học",LOWER(DK21)))),2, ISNUMBER(SEARCH("thuốc",LOWER(DK21))),2, ISNUMBER(SEARCH("bác sĩ",LOWER(DK21))),2, TRUE,NA() ) -> 0 | DM21: 2-3 giờ | DN21: =LET( x,LOWER(TRIM(DM21)), IF(OR(x="không",x="0",x="hồi đó giờ ko chơi",x="hồi đó giờ không chơi"),0, IF(ISNUMBER(SEARCH("dưới 1",x)),0.5, IF(ISNUMBER(SEARCH("5 giờ trở lên",x)),5, IF(ISNUMBER(SEARCH("mỗi ngày",x)), IF(ISNUMBER(SEARCH("mỗi ngày ",x)), VALUE(MID(x,SEARCH("mỗi ngày ",x)+9,SEARCH(" giờ",x)-SEARCH("mỗi ngày ",x)-9))*7, VALUE(LEFT(x,SEARCH(" giờ",x)-1))*7 ), IF(ISNUMBER(SEARCH("-",x)), (VALUE(LEFT(x,SEARCH("-",x)-1))+VALUE(MID(x,SEARCH("-",x)+1,SEARCH(" giờ",x)-SEARCH("-",x)-1)))/2, IF(ISNUMBER(SEARCH(" giờ",x)), VALUE(LEFT(x,SEARCH(" giờ",x)-1)), "")))))) ) -> 2.5 | DO21: Cầu lông | DP21: Không | DQ21: =IF(DP21 = "Không", 0, 1) -> 0 | DS21: Không | DU21: Không
A22: 46003.631 | B22: Thừa Thiên - Huế | C22: Nam | D22: =if(C22="Nam", 0, 1) -> 0 | E22: Song tính (Bisexual) | F22: =IFERROR(__xludf.DUMMYFUNCTION("LET( t, LOWER(TRIM(E22)), IFS( REGEXMATCH(t,""chuyển giới|transgender""), 6, REGEXMATCH(t,""vô tính|asexual|nam nữ.*không có nhu cầu""), 4, REGEXMATCH(t,""toàn tính|pansexual""), 5, REGEXMATCH(t,""song tính|bisexual|biromantic""), 1, "&" AND(REGEXMATCH(t,""đồng tính nam|\bgay\b""), NOT(REGEXMATCH(t,""not gay|không gay|ko gay""))), 2, REGEXMATCH(t,""đồng tính nữ|\blesbian\b|em thích nữ|thích nữ|mê nữ|sapphic""), 3, REGEXMATCH(t,""^\.$|^(không|ko|k|no)$|^(không có|ko có)$""), 8, "&" REGEXMATCH(t,""không biết|chưa rõ|chưa xác định|ko hiểu|huh|strange|\?{3,}|hong có.*không biết|vn chỉ có nam và nữ""), 7, REGEXMATCH(t,""dị tính|heterosexual|thẳng|straight|khác giới|thích khác giới|trai gái|quan hệ trai gái|nam\s*-\s*nữ|nam\s*nữ|"&"bình thường|normal|\bbth\b|\bbinh thuong\b|giới tính bình thường|xu hướng tính dục bth""), 0, TRUE, 7 ) )"),1.0) -> 1 | G22: Phật giáo | H22: =IFERROR(__xludf.DUMMYFUNCTION("LET( t, LOWER(TRIM(G22)), IFS( REGEXMATCH(t,""phật giáo hòa hảo""), 3, REGEXMATCH(t,""công giáo""), 1, REGEXMATCH(t,""phật giáo""), 2, REGEXMATCH(t,""hồi giáo""), 4, REGEXMATCH(t,""cao đài|cao dai""), 5, REGEXMATCH(t,""bà la mô"&"n|ba la mon""), 6, REGEXMATCH(t,""^kinh$""), 7, REGEXMATCH(t,""không tôn giáo|^(không|khong)$|^không có$|^khong co$|^không$|^không\s+$""), 0, TRUE, """" ) )"),2.0) -> 2 | I22: Ở cùng gia đình | J22: =IFERROR(__xludf.DUMMYFUNCTION("LET( text, LOWER(I22), IFERROR( IFS( REGEXMATCH(text,""ở cùng gia đình|ở trọ cùng gia đình""), 0, REGEXMATCH(text,""thuê trọ""), 1, REGEXMATCH(text,""ở ktx""), 2, REGEXMATCH(text,""có nhà tại khu vực đang học|có nhà|ở riêng"&" tại chung cư""), 3, REGEXMATCH(text,""ở nhà người quen""), 4 ), -1) )"),0.0) -> 0 | K22: Trung bình | L22: =IFERROR(__xludf.DUMMYFUNCTION("LET( t, LOWER(TRIM(K22)), IFERROR( IFS( REGEXMATCH(t,""xuất\s*sắc""), 0, REGEXMATCH(t,""^giỏi$""), 1, REGEXMATCH(t,""^khá$""), 2, REGEXMATCH(t,""trung bình|bình thường|^4$""), 3, REGEXMATCH(t,""rớt""), 4, REGEXM"&"ATCH(t,""năm nhất|tân sinh viên|mới|chưa|không|sắp thi|chuẩn bị thi|kq|kết quả|chưa có|chưa biết""), 5, TRUE, 5 ), 5) )"),3.0) -> 3 | M22: Tự chọn | N22: =IFERROR(__xludf.DUMMYFUNCTION("LET( t, LOWER(TRIM(M22)), IFERROR( IFS( REGEXMATCH(t,""ko biết|không biết|hơm bt|hôm bt|khum biết|chưa biết|không rõ|câu không rõ""), 3, REGEXMATCH(t,""50/50|bình thường|phân vân|lúc này lúc kia|fomo|đuối|hơi đuối|hơi không chắc""), 1"&", REGEXMATCH(t,""không hợp|không phù hợp|hối hận|bất đắc dĩ|bất đắt dĩ|do không còn lựa chọn|không còn đam mê|mất đam mê|học không nổi""), 0, REGEXMATCH(t,""^có$|^có\b""), 0, REGEXMATCH(t,""^không$|^không\s|^không\.$|^không!$|^không,$|"&"^không\?$|phù hợp|siêu hợp|cảm thấy phù hợp|phù hợp rồi|ổn|ước mơ|tự chọn|năng lực|suy nghĩ""), 2, TRUE, 3 ), 3) )"),2.0) -> 2 | O22: Có | P22: =if(O22="Có", 1, 0) -> 1 | Q22: 2 coong viec | R22: 2 | S22: kinh doanh cà phê takeaway , dịch vụ vận chuyển người/đồ vật khu vực tphcm ( chạy be) | U22: <=25h/ tuần | V22: =IFERROR(__xludf.DUMMYFUNCTION("IFERROR(REGEXEXTRACT(U22,""\d+"")*1, """")"),25.0) -> 25 | W22: =if(V22<>"", V22, 0) -> 25 | X22: 100 | Y22: 0.8 | Z22: Có một chút | AB22: Có | AC22: Không | AD22: Có một chút | AE22: Có một chút | AF22: Có chút áp lực | AG22: Có chút ảnh hưởng | AH22: Có chút ảnh hưởng | AI22: Thường xuyên (thường xuyên trong vài tháng) | AJ22: =LET( txt,LOWER(TRIM(SUBSTITUTE(AI22,CHAR(160)," "))), IFS( txt="không bao giờ",0, txt="hiếm khi (1–2 lần)",1, txt="thỉnh thoảng (vài lần)",2, txt="thường xuyên (thường xuyên trong vài tháng)",3, txt="luôn/rất thường xuyên",4, TRUE,"" ) ) -> 3 | AK22: Có chút ảnh hưởng | AL22: =LET( txt,LOWER(TRIM(SUBSTITUTE(AK22,CHAR(160)," "))), IFS( OR( ISNUMBER(SEARCH("không có trải nghiệm",txt)), ISNUMBER(SEARCH("chưa từng",txt)) ),-1, txt="không ảnh hưởng",0, ISNUMBER(SEARCH("có chút",txt)),1, AND(ISNUMBER(SEARCH("ảnh hưởng",txt)),ISNUMBER(SEARCH("rất",txt))),3, ISNUMBER(SEARCH("ảnh hưởng nhiều",txt)),2, TRUE,"" ) ) -> 1 | AM22: Có người yêu | AN22: =LET( txt,LOWER(TRIM(AM22)), IFS( OR( txt="độc thân", txt="chưa có ny", txt="không có người yêu !!!!", txt="ế", txt="không có bồ", txt="không có", txt=".", txt="không có người yêu", txt="chưa yêu ai", txt="dạ chưa có mối tình đầu luôn ạ", txt="ko có người yêu", txt="đang kiếm phú bà nào đó ok ok", txt="án treo", txt="không", txt="ế quắt", txt="hiện tại không ai yêu và không quan tâm đến tình yêu", txt="0" ),0, txt="đã kết hôn",3, txt="trong mối quan hệ mập mờ",2, txt="có người yêu",1, TRUE,0 ) ) -> 1 | AP22: 2 | AQ22: 1 | AR22: 4 | AS22: 4 | AT22: 3 | AU22: 2 | AV22: 3 | AW22: 1 | AX22: 1 | AY22: =sum(AP22:AX22) -> 21 | AZ22: =AY22-9 -> 12 | BA22: =if(AZ22 >= 10 ,1,0) -> 1 | BB22: =if(AZ22 >= 14 ,1,0) -> 0 | BC22: 1 | BD22: 1 | BE22: 1 | BF22: 2 | BG22: 2 | BH22: 2 | BI22: 1 | BJ22: =sum(BC22:BI22) -> 10 | BK22: =BJ22-7 -> 3 | BN22: 5 | BO22: Có | BP22: =if(BO22="Không",0,1) -> 1 | BQ22: 6 | BR22: 28 | BS22: Có | BT22: =if(BS22="Không",0,1) -> 1 | BU22: Bạn bè, Gia đình, Người yêu, Mạng xã hội | BV22: 3 | BW22: Có | BX22: Cha mẹ | BY22: Có | BZ22: Không | CA22: =LET( txt,LOWER(TRIM(SUBSTITUTE(BZ22,CHAR(160)," "))), IFS( ISNUMBER(SEARCH("không",txt)),0, ISNUMBER(SEARCH("có một chút",txt)),1, ISNUMBER(SEARCH("thường xuyên",txt)),2, TRUE,"" ) ) -> 0 | CB22: Không | CC22: =LET( txt,LOWER(TRIM(SUBSTITUTE(CB22,CHAR(160)," "))), IFS( ISNUMBER(SEARCH("không",txt)),0, ISNUMBER(SEARCH("có một chút",txt)),1, ISNUMBER(SEARCH("thường xuyên",txt)),2, TRUE,"" ) ) -> 0 | CD22: Hiếm khi | CE22: =LET( txt,LOWER(TRIM(SUBSTITUTE(CD22,CHAR(160)," "))), IFS( ISNUMBER(SEARCH("hiếm khi",txt)),0, ISNUMBER(SEARCH("thỉnh thoảng",txt)),1, ISNUMBER(SEARCH("thường xuyên",txt)),2, TRUE,"" ) ) -> 0 | CF22: Hiếm khi | CG22: =LET( txt,LOWER(TRIM(SUBSTITUTE(CF22,CHAR(160)," "))), IFS( ISNUMBER(SEARCH("hiếm khi",txt)),0, ISNUMBER(SEARCH("thỉnh thoảng",txt)),1, ISNUMBER(SEARCH("thường xuyên",txt)),2, TRUE,"" ) ) -> 0 | CH22: Hiếm khi | CI22: =LET( txt,LOWER(TRIM(SUBSTITUTE(CH22,CHAR(160)," "))), IFS( ISNUMBER(SEARCH("hiếm khi",txt)),0, ISNUMBER(SEARCH("thỉnh thoảng",txt)),1, ISNUMBER(SEARCH("thường xuyên",txt)),2, TRUE,"" ) ) -> 0 | CJ22: TikTok | CK22: Không | CL22: Hơn 5 giờ mỗi ngày | CM22: =IFS( ISNUMBER(SEARCH("10-30",CL22)),0.33, ISNUMBER(SEARCH("31-60",CL22)),0.75, ISNUMBER(SEARCH("1-2",CL22)),1.5, ISNUMBER(SEARCH("3-4",CL22)),3.5, ISNUMBER(SEARCH("Hơn 5",CL22)),6, ISNUMBER(SEARCH("9 giờ",CL22)),9, ISNUMBER(SEARCH("18",CL22)),18, ISNUMBER(SEARCH("Không có",CL22)),0, ISNUMBER(SEARCH("Cả ngày",CL22)),18, ISNUMBER(SEARCH("Mọi lúc",CL22)),18, ISNUMBER(SEARCH("Hàng giờ",CL22)),12, ISNUMBER(SEARCH("không cố định",LOWER(CL22))),NA(), ISNUMBER(SEARCH("không theo",LOWER(CL22))),NA(), ISNUMBER(SEARCH("tranh thủ",LOWER(CL22))),NA(), ISNUMBER(SEARCH("tùy",LOWER(CL22))),NA(), ISNUMBER(SEARCH("sau 10h",LOWER(CL22))),2, TRUE,NA() ) -> 6 | CN22: Có thỉnh thoảng | CO22: =if(CN22="Không", 0, if(CN22="Nhiều", 2, 1)) -> 1 | CP22: Có | CQ22: Không | CR22: Không | CS22: Có | CT22: Có | CU22: =if(CP22="Không",0,1) -> 1 | CV22: =if(CQ22="Không",0,1) -> 0 | CW22: =if(CR22="Không",0,1) -> 0 | CX22: =if(CS22="Không",0,1) -> 1 | CY22: =if(CT22="Không",0,1) -> 1 | CZ22: Không | DA22: =if(CZ22="Không",0,1) -> 0 | DB22: Không | DC22: =if(DB22="Không",0,1) -> 0 | DE22: Có | DF22: =if(DE22="Có", 1, 0) -> 1 | DG22: thần kinh tọa L1 | DH22: =if(DG22="Không có", 0, 1) -> 1 | DI22: Không | DJ22: =if(DI22="Không", 0, 1) -> 0 | DK22: Không, không bao giờ | DL22: =IFS( ISNUMBER(SEARCH("không",LOWER(DK22))),0, ISNUMBER(SEARCH("chưa",LOWER(DK22))),0, ISNUMBER(SEARCH("cả hai",LOWER(DK22))),3, AND(ISNUMBER(SEARCH("trước",LOWER(DK22))),ISNUMBER(SEARCH("đại học",LOWER(DK22)))),1, AND(ISNUMBER(SEARCH("kể từ khi",LOWER(DK22))),ISNUMBER(SEARCH("đại học",LOWER(DK22)))),2, ISNUMBER(SEARCH("thuốc",LOWER(DK22))),2, ISNUMBER(SEARCH("bác sĩ",LOWER(DK22))),2, TRUE,NA() ) -> 0 | DM22: 2-3 giờ | DN22: =LET( x,LOWER(TRIM(DM22)), IF(OR(x="không",x="0",x="hồi đó giờ ko chơi",x="hồi đó giờ không chơi"),0, IF(ISNUMBER(SEARCH("dưới 1",x)),0.5, IF(ISNUMBER(SEARCH("5 giờ trở lên",x)),5, IF(ISNUMBER(SEARCH("mỗi ngày",x)), IF(ISNUMBER(SEARCH("mỗi ngày ",x)), VALUE(MID(x,SEARCH("mỗi ngày ",x)+9,SEARCH(" giờ",x)-SEARCH("mỗi ngày ",x)-9))*7, VALUE(LEFT(x,SEARCH(" giờ",x)-1))*7 ), IF(ISNUMBER(SEARCH("-",x)), (VALUE(LEFT(x,SEARCH("-",x)-1))+VALUE(MID(x,SEARCH("-",x)+1,SEARCH(" giờ",x)-SEARCH("-",x)-1)))/2, IF(ISNUMBER(SEARCH(" giờ",x)), VALUE(LEFT(x,SEARCH(" giờ",x)-1)), "")))))) ) -> 2.5 | DO22: Cầu lông, đá banh | DP22: Không | DQ22: =IF(DP22 = "Không", 0, 1) -> 0 | DS22: Không | DU22: Không
A23: 46003.632 | B23: TP. Hồ Chí Minh | C23: Nữ | D23: =if(C23="Nam", 0, 1) -> 1 | E23: Dị tính (Heterosexual) | F23: =IFERROR(__xludf.DUMMYFUNCTION("LET( t, LOWER(TRIM(E23)), IFS( REGEXMATCH(t,""chuyển giới|transgender""), 6, REGEXMATCH(t,""vô tính|asexual|nam nữ.*không có nhu cầu""), 4, REGEXMATCH(t,""toàn tính|pansexual""), 5, REGEXMATCH(t,""song tính|bisexual|biromantic""), 1, "&" AND(REGEXMATCH(t,""đồng tính nam|\bgay\b""), NOT(REGEXMATCH(t,""not gay|không gay|ko gay""))), 2, REGEXMATCH(t,""đồng tính nữ|\blesbian\b|em thích nữ|thích nữ|mê nữ|sapphic""), 3, REGEXMATCH(t,""^\.$|^(không|ko|k|no)$|^(không có|ko có)$""), 8, "&" REGEXMATCH(t,""không biết|chưa rõ|chưa xác định|ko hiểu|huh|strange|\?{3,}|hong có.*không biết|vn chỉ có nam và nữ""), 7, REGEXMATCH(t,""dị tính|heterosexual|thẳng|straight|khác giới|thích khác giới|trai gái|quan hệ trai gái|nam\s*-\s*nữ|nam\s*nữ|"&"bình thường|normal|\bbth\b|\bbinh thuong\b|giới tính bình thường|xu hướng tính dục bth""), 0, TRUE, 7 ) )"),0.0) -> 0 | G23: Không | H23: =IFERROR(__xludf.DUMMYFUNCTION("LET( t, LOWER(TRIM(G23)), IFS( REGEXMATCH(t,""phật giáo hòa hảo""), 3, REGEXMATCH(t,""công giáo""), 1, REGEXMATCH(t,""phật giáo""), 2, REGEXMATCH(t,""hồi giáo""), 4, REGEXMATCH(t,""cao đài|cao dai""), 5, REGEXMATCH(t,""bà la mô"&"n|ba la mon""), 6, REGEXMATCH(t,""^kinh$""), 7, REGEXMATCH(t,""không tôn giáo|^(không|khong)$|^không có$|^khong co$|^không$|^không\s+$""), 0, TRUE, """" ) )"),0.0) -> 0 | I23: Ở cùng gia đình | J23: =IFERROR(__xludf.DUMMYFUNCTION("LET( text, LOWER(I23), IFERROR( IFS( REGEXMATCH(text,""ở cùng gia đình|ở trọ cùng gia đình""), 0, REGEXMATCH(text,""thuê trọ""), 1, REGEXMATCH(text,""ở ktx""), 2, REGEXMATCH(text,""có nhà tại khu vực đang học|có nhà|ở riêng"&" tại chung cư""), 3, REGEXMATCH(text,""ở nhà người quen""), 4 ), -1) )"),0.0) -> 0 | K23: Khá | L23: =IFERROR(__xludf.DUMMYFUNCTION("LET( t, LOWER(TRIM(K23)), IFERROR( IFS( REGEXMATCH(t,""xuất\s*sắc""), 0, REGEXMATCH(t,""^giỏi$""), 1, REGEXMATCH(t,""^khá$""), 2, REGEXMATCH(t,""trung bình|bình thường|^4$""), 3, REGEXMATCH(t,""rớt""), 4, REGEXM"&"ATCH(t,""năm nhất|tân sinh viên|mới|chưa|không|sắp thi|chuẩn bị thi|kq|kết quả|chưa có|chưa biết""), 5, TRUE, 5 ), 5) )"),2.0) -> 2 | M23: Tự chọn | N23: =IFERROR(__xludf.DUMMYFUNCTION("LET( t, LOWER(TRIM(M23)), IFERROR( IFS( REGEXMATCH(t,""ko biết|không biết|hơm bt|hôm bt|khum biết|chưa biết|không rõ|câu không rõ""), 3, REGEXMATCH(t,""50/50|bình thường|phân vân|lúc này lúc kia|fomo|đuối|hơi đuối|hơi không chắc""), 1"&", REGEXMATCH(t,""không hợp|không phù hợp|hối hận|bất đắc dĩ|bất đắt dĩ|do không còn lựa chọn|không còn đam mê|mất đam mê|học không nổi""), 0, REGEXMATCH(t,""^có$|^có\b""), 0, REGEXMATCH(t,""^không$|^không\s|^không\.$|^không!$|^không,$|"&"^không\?$|phù hợp|siêu hợp|cảm thấy phù hợp|phù hợp rồi|ổn|ước mơ|tự chọn|năng lực|suy nghĩ""), 2, TRUE, 3 ), 3) )"),2.0) -> 2 | O23: Không | P23: =if(O23="Có", 1, 0) -> 0 | R23: =Q23 | V23: =IFERROR(__xludf.DUMMYFUNCTION("IFERROR(REGEXEXTRACT(U23,""\d+"")*1, """")"),"") | W23: =if(V23<>"", V23, 0) -> 0 | Z23: Không | AB23: Không | AC23: Không | AD23: Rất lo lắng | AE23: Có một chút | AF23: Có chút áp lực | AG23: Có chút ảnh hưởng | AH23: Ảnh hưởng nhiều | AI23: Thỉnh thoảng (vài lần) | AJ23: =LET( txt,LOWER(TRIM(SUBSTITUTE(AI23,CHAR(160)," "))), IFS( txt="không bao giờ",0, txt="hiếm khi (1–2 lần)",1, txt="thỉnh thoảng (vài lần)",2, txt="thường xuyên (thường xuyên trong vài tháng)",3, txt="luôn/rất thường xuyên",4, TRUE,"" ) ) -> 2 | AK23: Có chút ảnh hưởng | AL23: =LET( txt,LOWER(TRIM(SUBSTITUTE(AK23,CHAR(160)," "))), IFS( OR( ISNUMBER(SEARCH("không có trải nghiệm",txt)), ISNUMBER(SEARCH("chưa từng",txt)) ),-1, txt="không ảnh hưởng",0, ISNUMBER(SEARCH("có chút",txt)),1, AND(ISNUMBER(SEARCH("ảnh hưởng",txt)),ISNUMBER(SEARCH("rất",txt))),3, ISNUMBER(SEARCH("ảnh hưởng nhiều",txt)),2, TRUE,"" ) ) -> 1 | AM23: Có người yêu | AN23: =LET( txt,LOWER(TRIM(AM23)), IFS( OR( txt="độc thân", txt="chưa có ny", txt="không có người yêu !!!!", txt="ế", txt="không có bồ", txt="không có", txt=".", txt="không có người yêu", txt="chưa yêu ai", txt="dạ chưa có mối tình đầu luôn ạ", txt="ko có người yêu", txt="đang kiếm phú bà nào đó ok ok", txt="án treo", txt="không", txt="ế quắt", txt="hiện tại không ai yêu và không quan tâm đến tình yêu", txt="0" ),0, txt="đã kết hôn",3, txt="trong mối quan hệ mập mờ",2, txt="có người yêu",1, TRUE,0 ) ) -> 1 | AP23: 3 | AQ23: 3 | AR23: 2 | AS23: 2 | AT23: 1 | AU23: 2 | AV23: 1 | AW23: 1 | AX23: 2 | AY23: =sum(AP23:AX23) -> 17 | AZ23: =AY23-9 -> 8 | BA23: =if(AZ23 >= 10 ,1,0) -> 0 | BB23: =if(AZ23 >= 14 ,1,0) -> 0 | BC23: 2 | BD23: 2 | BE23: 2 | BF23: 2 | BG23: 4 | BH23: 1 | BI23: 1 | BJ23: =sum(BC23:BI23) -> 14 | BK23: =BJ23-7 -> 7 | BN23: 4 | BO23: Có | BP23: =if(BO23="Không",0,1) -> 1 | BQ23: 4 | BR23: 3 | BS23: Không | BT23: =if(BS23="Không",0,1) -> 0 | BV23: 3 | BW23: Có | BX23: Cha mẹ | BY23: Không | BZ23: Thường xuyên | CA23: =LET( txt,LOWER(TRIM(SUBSTITUTE(BZ23,CHAR(160)," "))), IFS( ISNUMBER(SEARCH("không",txt)),0, ISNUMBER(SEARCH("có một chút",txt)),1, ISNUMBER(SEARCH("thường xuyên",txt)),2, TRUE,"" ) ) -> 2 | CB23: Thường xuyên | CC23: =LET( txt,LOWER(TRIM(SUBSTITUTE(CB23,CHAR(160)," "))), IFS( ISNUMBER(SEARCH("không",txt)),0, ISNUMBER(SEARCH("có một chút",txt)),1, ISNUMBER(SEARCH("thường xuyên",txt)),2, TRUE,"" ) ) -> 2 | CD23: Thỉnh thoảng | CE23: =LET( txt,LOWER(TRIM(SUBSTITUTE(CD23,CHAR(160)," "))), IFS( ISNUMBER(SEARCH("hiếm khi",txt)),0, ISNUMBER(SEARCH("thỉnh thoảng",txt)),1, ISNUMBER(SEARCH("thường xuyên",txt)),2, TRUE,"" ) ) -> 1 | CF23: Hiếm khi | CG23: =LET( txt,LOWER(TRIM(SUBSTITUTE(CF23,CHAR(160)," "))), IFS( ISNUMBER(SEARCH("hiếm khi",txt)),0, ISNUMBER(SEARCH("thỉnh thoảng",txt)),1, ISNUMBER(SEARCH("thường xuyên",txt)),2, TRUE,"" ) ) -> 0 | CH23: Hiếm khi | CI23: =LET( txt,LOWER(TRIM(SUBSTITUTE(CH23,CHAR(160)," "))), IFS( ISNUMBER(SEARCH("hiếm khi",txt)),0, ISNUMBER(SEARCH("thỉnh thoảng",txt)),1, ISNUMBER(SEARCH("thường xuyên",txt)),2, TRUE,"" ) ) -> 0 | CJ23: TikTok | CK23: Các vấn đề liên quan đến tâm linh, tôn giáo hoặc văn hóa | CL23: Hơn 5 giờ mỗi ngày | CM23: =IFS( ISNUMBER(SEARCH("10-30",CL23)),0.33, ISNUMBER(SEARCH("31-60",CL23)),0.75, ISNUMBER(SEARCH("1-2",CL23)),1.5, ISNUMBER(SEARCH("3-4",CL23)),3.5, ISNUMBER(SEARCH("Hơn 5",CL23)),6, ISNUMBER(SEARCH("9 giờ",CL23)),9, ISNUMBER(SEARCH("18",CL23)),18, ISNUMBER(SEARCH("Không có",CL23)),0, ISNUMBER(SEARCH("Cả ngày",CL23)),18, ISNUMBER(SEARCH("Mọi lúc",CL23)),18, ISNUMBER(SEARCH("Hàng giờ",CL23)),12, ISNUMBER(SEARCH("không cố định",LOWER(CL23))),NA(), ISNUMBER(SEARCH("không theo",LOWER(CL23))),NA(), ISNUMBER(SEARCH("tranh thủ",LOWER(CL23))),NA(), ISNUMBER(SEARCH("tùy",LOWER(CL23))),NA(), ISNUMBER(SEARCH("sau 10h",LOWER(CL23))),2, TRUE,NA() ) -> 6 | CN23: Có thỉnh thoảng | CO23: =if(CN23="Không", 0, if(CN23="Nhiều", 2, 1)) -> 1 | CP23: Không | CQ23: Không | CR23: Không | CS23: Không | CT23: Không | CU23: =if(CP23="Không",0,1) -> 0 | CV23: =if(CQ23="Không",0,1) -> 0 | CW23: =if(CR23="Không",0,1) -> 0 | CX23: =if(CS23="Không",0,1) -> 0 | CY23: =if(CT23="Không",0,1) -> 0 | CZ23: Không | DA23: =if(CZ23="Không",0,1) -> 0 | DB23: Không | DC23: =if(DB23="Không",0,1) -> 0 | DE23: Không | DF23: =if(DE23="Có", 1, 0) -> 0 | DG23: Huyết áp cao | DH23: =if(DG23="Không có", 0, 1) -> 1 | DI23: Không | DJ23: =if(DI23="Không", 0, 1) -> 0 | DK23: Không, không bao giờ | DL23: =IFS( ISNUMBER(SEARCH("không",LOWER(DK23))),0, ISNUMBER(SEARCH("chưa",LOWER(DK23))),0, ISNUMBER(SEARCH("cả hai",LOWER(DK23))),3, AND(ISNUMBER(SEARCH("trước",LOWER(DK23))),ISNUMBER(SEARCH("đại học",LOWER(DK23)))),1, AND(ISNUMBER(SEARCH("kể từ khi",LOWER(DK23))),ISNUMBER(SEARCH("đại học",LOWER(DK23)))),2, ISNUMBER(SEARCH("thuốc",LOWER(DK23))),2, ISNUMBER(SEARCH("bác sĩ",LOWER(DK23))),2, TRUE,NA() ) -> 0 | DN23: =LET( x,LOWER(TRIM(DM23)), IF(OR(x="không",x="0",x="hồi đó giờ ko chơi",x="hồi đó giờ không chơi"),0, IF(ISNUMBER(SEARCH("dưới 1",x)),0.5, IF(ISNUMBER(SEARCH("5 giờ trở lên",x)),5, IF(ISNUMBER(SEARCH("mỗi ngày",x)), IF(ISNUMBER(SEARCH("mỗi ngày ",x)), VALUE(MID(x,SEARCH("mỗi ngày ",x)+9,SEARCH(" giờ",x)-SEARCH("mỗi ngày ",x)-9))*7, VALUE(LEFT(x,SEARCH(" giờ",x)-1))*7 ), IF(ISNUMBER(SEARCH("-",x)), (VALUE(LEFT(x,SEARCH("-",x)-1))+VALUE(MID(x,SEARCH("-",x)+1,SEARCH(" giờ",x)-SEARCH("-",x)-1)))/2, IF(ISNUMBER(SEARCH(" giờ",x)), VALUE(LEFT(x,SEARCH(" giờ",x)-1)), "")))))) ) | DP23: Không | DQ23: =IF(DP23 = "Không", 0, 1) -> 0 | DS23: Không | DU23: Không
